Workbook

Sheet Dashboard
A1: Myntra Social Media Intelligence Dashboard
A2: Posts: 01 Jun 2024 to 14 May 2025 (300 posts) | Weekly follower data: 03 Jun 2024 to 12 May 2025 | Ad spend shown in the units supplied (currency not stated)
B4: Platform | C4: All | E4: Campaign | F4: All | I4: Yellow cells are dropdown filters. Platform filters posts and weekly data; Campaign filters posts only.
A6: POSTS | C6: IMPRESSIONS | E6: AVG POST ENGAGEMENT RATE | G6: POOLED ENGAGEMENT RATE | I6: CLICK-THROUGH RATE | K6: AD SPEND | M6: NET FOLLOWERS ADDED
A7: =COUNTIFS(Data_Posts!$B$2:$B$301,Calc!$B$1,Data_Posts!$N$2:$N$301,Calc!$B$2) -> 300 | C7: =SUMIFS(Data_Posts!$I$2:$I$301,Data_Posts!$B$2:$B$301,Calc!$B$1,Data_Posts!$N$2:$N$301,Calc!$B$2) -> 10394153 | E7: =IFERROR(AVERAGEIFS(Data_Posts!$P$2:$P$301,Data_Posts!$B$2:$B$301,Calc!$B$1,Data_Posts!$N$2:$N$301,Calc!$B$2),0) -> 0.14828272 | G7: =IFERROR(SUMIFS(Data_Posts!$O$2:$O$301,Data_Posts!$B$2:$B$301,Calc!$B$1,Data_Posts!$N$2:$N$301,Calc!$B$2)/SUMIFS(Data_Posts!$I$2:$I$301,Data_Posts!$B$2:$B$301,Calc!$B$1,Data_Posts!$N$2:$N$301,Calc!$B$2),0) -> 0.09984142 | I7: =IFERROR(SUMIFS(Data_Posts!$K$2:$K$301,Data_Posts!$B$2:$B$301,Calc!$B$1,Data_Posts!$N$2:$N$301,Calc!$B$2)/SUMIFS(Data_Posts!$I$2:$I$301,Data_Posts!$B$2:$B$301,Calc!$B$1,Data_Posts!$N$2:$N$301,Calc!$B$2),0) -> 0.0043645692 | K7: =SUMIFS(Data_Weekly!$G$2:$G$201,Data_Weekly!$B$2:$B$201,Calc!$B$1) -> 4832916 | M7: =SUMIFS(Data_Weekly!$H$2:$H$201,Data_Weekly!$B$2:$B$201,Calc!$B$1) -> 160105
A8: filtered | C8: filtered | E8: mean of per-post rates | G8: total engagement / impressions | I8: clicks / impressions | K8: weekly data, platform filter | M8: new minus unfollows
A10: Key findings (full dataset, static text, does not change with the filters)
A11: PLATFORMS: Instagram has the highest average post engagement rate (19.3%; others 12.2% to 14.4%) and Instagram added the most net followers (48,004). Facebook receives the most ad spend (1,379,539) but turns it into only 25.8 net followers per 1,000 spent, versus 41.2 on Instagram.
A12: CONTENT: Story posts have the best average engagement rate (18.4%) and Text posts the worst (11.8%). The strongest platform/format combos are Instagram Reels (26.0%) and Instagram Stories (24.6%). Each combo has only about 12 posts, so treat this as directional.
A13: AD SPEND: weekly ad spend barely moves follower growth. Correlation with net adds is -0.06 for all platforms combined and 0.03 to 0.23 by platform. In this data, spending more in a week does not reliably buy more followers.
A14: HASHTAGS: #StyleWithMyntra has the highest average engagement rate (15.6%) and #StyleWithMyntra is the most used (104 posts). The gap between the best and worst hashtag (#FashionDeals) is only 2.0 percentage points, so hashtag choice is a minor lever compared with platform and format.
A15: CAMPAIGNS: EndOfSeasonSale generated the most engagements (295,774); FashionUpgrade the most per 1,000 budget (1,657); StyleRevolution added the most followers per 1,000 budget during its dates (86.2) and StyleRevolution has the highest average engagement rate (15.8%).
A16: CAUTION: campaign tags on posts do not line up with campaign dates (EndOfSeasonSale-tagged posts run Jun 2024 to Apr 2025, the campaign ran 10 Jun to 5 Jul 2024), so post-based and date-window campaign figures measure different things. A few tiny-impression posts have rates above 100% (max 181%), which inflates averages; the pooled rate is shown beside it.
A18: 1. Platform comparison
A19: Platform | B19: Posts | C19: Impressions | D19: Avg Post Engagement Rate | E19: Pooled Engagement Rate | F19: Clicks | G19: CTR | H19: Ad Spend | I19: Net Followers Added | J19: Net Followers per 1,000 Ad Spend
A20: Facebook | B20: =COUNTIFS(Data_Posts!$B$2:$B$301,$A20,Data_Posts!$N$2:$N$301,Calc!$B$2) -> 83 | C20: =SUMIFS(Data_Posts!$I$2:$I$301,Data_Posts!$B$2:$B$301,$A20,Data_Posts!$N$2:$N$301,Calc!$B$2) -> 3239154 | D20: =IFERROR(AVERAGEIFS(Data_Posts!$P$2:$P$301,Data_Posts!$B$2:$B$301,$A20,Data_Posts!$N$2:$N$301,Calc!$B$2),0) -> 0.1219729 | E20: =IFERROR(SUMIFS(Data_Posts!$O$2:$O$301,Data_Posts!$B$2:$B$301,$A20,Data_Posts!$N$2:$N$301,Calc!$B$2)/C20,0) -> 0.0942351 | F20: =SUMIFS(Data_Posts!$K$2:$K$301,Data_Posts!$B$2:$B$301,$A20,Data_Posts!$N$2:$N$301,Calc!$B$2) -> 12184 | G20: =IFERROR(F20/C20,0) -> 0.003761476 | H20: =SUMIFS(Data_Weekly!$G$2:$G$201,Data_Weekly!$B$2:$B$201,$A20) -> 1379539 | I20: =SUMIFS(Data_Weekly!$H$2:$H$201,Data_Weekly!$B$2:$B$201,$A20) -> 35557 | J20: =IFERROR(I20/H20*1000,0) -> 25.774552
A21: Instagram | B21: =COUNTIFS(Data_Posts!$B$2:$B$301,$A21,Data_Posts!$N$2:$N$301,Calc!$B$2) -> 79 | C21: =SUMIFS(Data_Posts!$I$2:$I$301,Data_Posts!$B$2:$B$301,$A21,Data_Posts!$N$2:$N$301,Calc!$B$2) -> 2325756 | D21: =IFERROR(AVERAGEIFS(Data_Posts!$P$2:$P$301,Data_Posts!$B$2:$B$301,$A21,Data_Posts!$N$2:$N$301,Calc!$B$2),0) -> 0.19329258 | E21: =IFERROR(SUMIFS(Data_Posts!$O$2:$O$301,Data_Posts!$B$2:$B$301,$A21,Data_Posts!$N$2:$N$301,Calc!$B$2)/C21,0) -> 0.11333046 | F21: =SUMIFS(Data_Posts!$K$2:$K$301,Data_Posts!$B$2:$B$301,$A21,Data_Posts!$N$2:$N$301,Calc!$B$2) -> 12078 | G21: =IFERROR(F21/C21,0) -> 0.0051931501 | H21: =SUMIFS(Data_Weekly!$G$2:$G$201,Data_Weekly!$B$2:$B$201,$A21) -> 1164373 | I21: =SUMIFS(Data_Weekly!$H$2:$H$201,Data_Weekly!$B$2:$B$201,$A21) -> 48004 | J21: =IFERROR(I21/H21*1000,0) -> 41.227339
A22: Twitter | B22: =COUNTIFS(Data_Posts!$B$2:$B$301,$A22,Data_Posts!$N$2:$N$301,Calc!$B$2) -> 79 | C22: =SUMIFS(Data_Posts!$I$2:$I$301,Data_Posts!$B$2:$B$301,$A22,Data_Posts!$N$2:$N$301,Calc!$B$2) -> 2560836 | D22: =IFERROR(AVERAGEIFS(Data_Posts!$P$2:$P$301,Data_Posts!$B$2:$B$301,$A22,Data_Posts!$N$2:$N$301,Calc!$B$2),0) -> 0.14368407 | E22: =IFERROR(SUMIFS(Data_Posts!$O$2:$O$301,Data_Posts!$B$2:$B$301,$A22,Data_Posts!$N$2:$N$301,Calc!$B$2)/C22,0) -> 0.099969307 | F22: =SUMIFS(Data_Posts!$K$2:$K$301,Data_Posts!$B$2:$B$301,$A22,Data_Posts!$N$2:$N$301,Calc!$B$2) -> 12398 | G22: =IFERROR(F22/C22,0) -> 0.0048413877 | H22: =SUMIFS(Data_Weekly!$G$2:$G$201,Data_Weekly!$B$2:$B$201,$A22) -> 1060357 | I22: =SUMIFS(Data_Weekly!$H$2:$H$201,Data_Weekly!$B$2:$B$201,$A22) -> 41177 | J22: =IFERROR(I22/H22*1000,0) -> 38.833148
A23: YouTube | B23: =COUNTIFS(Data_Posts!$B$2:$B$301,$A23,Data_Posts!$N$2:$N$301,Calc!$B$2) -> 59 | C23: =SUMIFS(Data_Posts!$I$2:$I$301,Data_Posts!$B$2:$B$301,$A23,Data_Posts!$N$2:$N$301,Calc!$B$2) -> 2268407 | D23: =IFERROR(AVERAGEIFS(Data_Posts!$P$2:$P$301,Data_Posts!$B$2:$B$301,$A23,Data_Posts!$N$2:$N$301,Calc!$B$2),0) -> 0.13118494 | E23: =IFERROR(SUMIFS(Data_Posts!$O$2:$O$301,Data_Posts!$B$2:$B$301,$A23,Data_Posts!$N$2:$N$301,Calc!$B$2)/C23,0) -> 0.093872484 | F23: =SUMIFS(Data_Posts!$K$2:$K$301,Data_Posts!$B$2:$B$301,$A23,Data_Posts!$N$2:$N$301,Calc!$B$2) -> 8706 | G23: =IFERROR(F23/C23,0) -> 0.0038379356 | H23: =SUMIFS(Data_Weekly!$G$2:$G$201,Data_Weekly!$B$2:$B$201,$A23) -> 1228647 | I23: =SUMIFS(Data_Weekly!$H$2:$H$201,Data_Weekly!$B$2:$B$201,$A23) -> 35367 | J23: =IFERROR(I23/H23*1000,0) -> 28.785322
A24: Post columns follow the Campaign filter. Ad spend and follower columns come from the weekly summary, which has no campaign field, so the Campaign filter does not change them.
A42: 2. Content type performance
A43: Content Type | B43: Posts | C43: Avg Post Engagement Rate | D43: Pooled Engagement Rate | E43: Avg Likes | F43: Avg Shares | G43: Avg Comments | H43: Avg Clicks | J43: Avg engagement rate | K43: Facebook | L43: Instagram | M43: Twitter | N43: YouTube
A44: Carousel | B44: =COUNTIFS(Data_Posts!$D$2:$D$301,$A44,Data_Posts!$B$2:$B$301,Calc!$B$1,Data_Posts!$N$2:$N$301,Calc!$B$2) -> 59 | C44: =IFERROR(AVERAGEIFS(Data_Posts!$P$2:$P$301,Data_Posts!$D$2:$D$301,$A44,Data_Posts!$B$2:$B$301,Calc!$B$1,Data_Posts!$N$2:$N$301,Calc!$B$2),0) -> 0.1481492 | D44: =IFERROR(SUMIFS(Data_Posts!$O$2:$O$301,Data_Posts!$D$2:$D$301,$A44,Data_Posts!$B$2:$B$301,Calc!$B$1,Data_Posts!$N$2:$N$301,Calc!$B$2)/SUMIFS(Data_Posts!$I$2:$I$301,Data_Posts!$D$2:$D$301,$A44,Data_Posts!$B$2:$B$301,Calc!$B$1,Data_Posts!$N$2:$N$301,Calc!$B$2),0) -> 0.095982803 | E44: =IFERROR(AVERAGEIFS(Data_Posts!$F$2:$F$301,Data_Posts!$D$2:$D$301,$A44,Data_Posts!$B$2:$B$301,Calc!$B$1,Data_Posts!$N$2:$N$301,Calc!$B$2),0) -> 2745.7458 | F44: =IFERROR(AVERAGEIFS(Data_Posts!$G$2:$G$301,Data_Posts!$D$2:$D$301,$A44,Data_Posts!$B$2:$B$301,Calc!$B$1,Data_Posts!$N$2:$N$301,Calc!$B$2),0) -> 448.66102 | G44: =IFERROR(AVERAGEIFS(Data_Posts!$H$2:$H$301,Data_Posts!$D$2:$D$301,$A44,Data_Posts!$B$2:$B$301,Calc!$B$1,Data_Posts!$N$2:$N$301,Calc!$B$2),0) -> 245.89831 | H44: =IFERROR(AVERAGEIFS(Data_Posts!$K$2:$K$301,Data_Posts!$D$2:$D$301,$A44,Data_Posts!$B$2:$B$301,Calc!$B$1,Data_Posts!$N$2:$N$301,Calc!$B$2),0) -> 156.81356 | J44: Carousel | K44: =IFERROR(AVERAGEIFS(Data_Posts!$P$2:$P$301,Data_Posts!$D$2:$D$301,$J44,Data_Posts!$B$2:$B$301,K$43,Data_Posts!$N$2:$N$301,Calc!$B$2),0) -> 0.1182059 | L44: =IFERROR(AVERAGEIFS(Data_Posts!$P$2:$P$301,Data_Posts!$D$2:$D$301,$J44,Data_Posts!$B$2:$B$301,L$43,Data_Posts!$N$2:$N$301,Calc!$B$2),0) -> 0.1443986 | M44: =IFERROR(AVERAGEIFS(Data_Posts!$P$2:$P$301,Data_Posts!$D$2:$D$301,$J44,Data_Posts!$B$2:$B$301,M$43,Data_Posts!$N$2:$N$301,Calc!$B$2),0) -> 0.15972488 | N44: =IFERROR(AVERAGEIFS(Data_Posts!$P$2:$P$301,Data_Posts!$D$2:$D$301,$J44,Data_Posts!$B$2:$B$301,N$43,Data_Posts!$N$2:$N$301,Calc!$B$2),0) -> 0.17416554
A45: Image | B45: =COUNTIFS(Data_Posts!$D$2:$D$301,$A45,Data_Posts!$B$2:$B$301,Calc!$B$1,Data_Posts!$N$2:$N$301,Calc!$B$2) -> 63 | C45: =IFERROR(AVERAGEIFS(Data_Posts!$P$2:$P$301,Data_Posts!$D$2:$D$301,$A45,Data_Posts!$B$2:$B$301,Calc!$B$1,Data_Posts!$N$2:$N$301,Calc!$B$2),0) -> 0.13687494 | D45: =IFERROR(SUMIFS(Data_Posts!$O$2:$O$301,Data_Posts!$D$2:$D$301,$A45,Data_Posts!$B$2:$B$301,Calc!$B$1,Data_Posts!$N$2:$N$301,Calc!$B$2)/SUMIFS(Data_Posts!$I$2:$I$301,Data_Posts!$D$2:$D$301,$A45,Data_Posts!$B$2:$B$301,Calc!$B$1,Data_Posts!$N$2:$N$301,Calc!$B$2),0) -> 0.097082482 | E45: =IFERROR(AVERAGEIFS(Data_Posts!$F$2:$F$301,Data_Posts!$D$2:$D$301,$A45,Data_Posts!$B$2:$B$301,Calc!$B$1,Data_Posts!$N$2:$N$301,Calc!$B$2),0) -> 2753.4603 | F45: =IFERROR(AVERAGEIFS(Data_Posts!$G$2:$G$301,Data_Posts!$D$2:$D$301,$A45,Data_Posts!$B$2:$B$301,Calc!$B$1,Data_Posts!$N$2:$N$301,Calc!$B$2),0) -> 470 | G45: =IFERROR(AVERAGEIFS(Data_Posts!$H$2:$H$301,Data_Posts!$D$2:$D$301,$A45,Data_Posts!$B$2:$B$301,Calc!$B$1,Data_Posts!$N$2:$N$301,Calc!$B$2),0) -> 259.55556 | H45: =IFERROR(AVERAGEIFS(Data_Posts!$K$2:$K$301,Data_Posts!$D$2:$D$301,$A45,Data_Posts!$B$2:$B$301,Calc!$B$1,Data_Posts!$N$2:$N$301,Calc!$B$2),0) -> 163.5873 | J45: Image | K45: =IFERROR(AVERAGEIFS(Data_Posts!$P$2:$P$301,Data_Posts!$D$2:$D$301,$J45,Data_Posts!$B$2:$B$301,K$43,Data_Posts!$N$2:$N$301,Calc!$B$2),0) -> 0.11892683 | L45: =IFERROR(AVERAGEIFS(Data_Posts!$P$2:$P$301,Data_Posts!$D$2:$D$301,$J45,Data_Posts!$B$2:$B$301,L$43,Data_Posts!$N$2:$N$301,Calc!$B$2),0) -> 0.14929862 | M45: =IFERROR(AVERAGEIFS(Data_Posts!$P$2:$P$301,Data_Posts!$D$2:$D$301,$J45,Data_Posts!$B$2:$B$301,M$43,Data_Posts!$N$2:$N$301,Calc!$B$2),0) -> 0.14756648 | N45: =IFERROR(AVERAGEIFS(Data_Posts!$P$2:$P$301,Data_Posts!$D$2:$D$301,$J45,Data_Posts!$B$2:$B$301,N$43,Data_Posts!$N$2:$N$301,Calc!$B$2),0) -> 0.15035568
A46: Reel | B46: =COUNTIFS(Data_Posts!$D$2:$D$301,$A46,Data_Posts!$B$2:$B$301,Calc!$B$1,Data_Posts!$N$2:$N$301,Calc!$B$2) -> 47 | C46: =IFERROR(AVERAGEIFS(Data_Posts!$P$2:$P$301,Data_Posts!$D$2:$D$301,$A46,Data_Posts!$B$2:$B$301,Calc!$B$1,Data_Posts!$N$2:$N$301,Calc!$B$2),0) -> 0.15615682 | D46: =IFERROR(SUMIFS(Data_Posts!$O$2:$O$301,Data_Posts!$D$2:$D$301,$A46,Data_Posts!$B$2:$B$301,Calc!$B$1,Data_Posts!$N$2:$N$301,Calc!$B$2)/SUMIFS(Data_Posts!$I$2:$I$301,Data_Posts!$D$2:$D$301,$A46,Data_Posts!$B$2:$B$301,Calc!$B$1,Data_Posts!$N$2:$N$301,Calc!$B$2),0) -> 0.098120168 | E46: =IFERROR(AVERAGEIFS(Data_Posts!$F$2:$F$301,Data_Posts!$D$2:$D$301,$A46,Data_Posts!$B$2:$B$301,Calc!$B$1,Data_Posts!$N$2:$N$301,Calc!$B$2),0) -> 2722.234 | F46: =IFERROR(AVERAGEIFS(Data_Posts!$G$2:$G$301,Data_Posts!$D$2:$D$301,$A46,Data_Posts!$B$2:$B$301,Calc!$B$1,Data_Posts!$N$2:$N$301,Calc!$B$2),0) -> 493.6383 | G46: =IFERROR(AVERAGEIFS(Data_Posts!$H$2:$H$301,Data_Posts!$D$2:$D$301,$A46,Data_Posts!$B$2:$B$301,Calc!$B$1,Data_Posts!$N$2:$N$301,Calc!$B$2),0) -> 240.85106 | H46: =IFERROR(AVERAGEIFS(Data_Posts!$K$2:$K$301,Data_Posts!$D$2:$D$301,$A46,Data_Posts!$B$2:$B$301,Calc!$B$1,Data_Posts!$N$2:$N$301,Calc!$B$2),0) -> 152.65957 | J46: Reel | K46: =IFERROR(AVERAGEIFS(Data_Posts!$P$2:$P$301,Data_Posts!$D$2:$D$301,$J46,Data_Posts!$B$2:$B$301,K$43,Data_Posts!$N$2:$N$301,Calc!$B$2),0) -> 0.10810248 | L46: =IFERROR(AVERAGEIFS(Data_Posts!$P$2:$P$301,Data_Posts!$D$2:$D$301,$J46,Data_Posts!$B$2:$B$301,L$43,Data_Posts!$N$2:$N$301,Calc!$B$2),0) -> 0.26004033 | M46: =IFERROR(AVERAGEIFS(Data_Posts!$P$2:$P$301,Data_Posts!$D$2:$D$301,$J46,Data_Posts!$B$2:$B$301,M$43,Data_Posts!$N$2:$N$301,Calc!$B$2),0) -> 0.12428082 | N46: =IFERROR(AVERAGEIFS(Data_Posts!$P$2:$P$301,Data_Posts!$D$2:$D$301,$J46,Data_Posts!$B$2:$B$301,N$43,Data_Posts!$N$2:$N$301,Calc!$B$2),0) -> 0.11688584
A47: Story | B47: =COUNTIFS(Data_Posts!$D$2:$D$301,$A47,Data_Posts!$B$2:$B$301,Calc!$B$1,Data_Posts!$N$2:$N$301,Calc!$B$2) -> 46 | C47: =IFERROR(AVERAGEIFS(Data_Posts!$P$2:$P$301,Data_Posts!$D$2:$D$301,$A47,Data_Posts!$B$2:$B$301,Calc!$B$1,Data_Posts!$N$2:$N$301,Calc!$B$2),0) -> 0.18425775 | D47: =IFERROR(SUMIFS(Data_Posts!$O$2:$O$301,Data_Posts!$D$2:$D$301,$A47,Data_Posts!$B$2:$B$301,Calc!$B$1,Data_Posts!$N$2:$N$301,Calc!$B$2)/SUMIFS(Data_Posts!$I$2:$I$301,Data_Posts!$D$2:$D$301,$A47,Data_Posts!$B$2:$B$301,Calc!$B$1,Data_Posts!$N$2:$N$301,Calc!$B$2),0) -> 0.10843167 | E47: =IFERROR(AVERAGEIFS(Data_Posts!$F$2:$F$301,Data_Posts!$D$2:$D$301,$A47,Data_Posts!$B$2:$B$301,Calc!$B$1,Data_Posts!$N$2:$N$301,Calc!$B$2),0) -> 2706.2609 | F47: =IFERROR(AVERAGEIFS(Data_Posts!$G$2:$G$301,Data_Posts!$D$2:$D$301,$A47,Data_Posts!$B$2:$B$301,Calc!$B$1,Data_Posts!$N$2:$N$301,Calc!$B$2),0) -> 520.76087 | G47: =IFERROR(AVERAGEIFS(Data_Posts!$H$2:$H$301,Data_Posts!$D$2:$D$301,$A47,Data_Posts!$B$2:$B$301,Calc!$B$1,Data_Posts!$N$2:$N$301,Calc!$B$2),0) -> 263.19565 | H47: =IFERROR(AVERAGEIFS(Data_Posts!$K$2:$K$301,Data_Posts!$D$2:$D$301,$A47,Data_Posts!$B$2:$B$301,Calc!$B$1,Data_Posts!$N$2:$N$301,Calc!$B$2),0) -> 131.69565 | J47: Story | K47: =IFERROR(AVERAGEIFS(Data_Posts!$P$2:$P$301,Data_Posts!$D$2:$D$301,$J47,Data_Posts!$B$2:$B$301,K$43,Data_Posts!$N$2:$N$301,Calc!$B$2),0) -> 0.15898978 | L47: =IFERROR(AVERAGEIFS(Data_Posts!$P$2:$P$301,Data_Posts!$D$2:$D$301,$J47,Data_Posts!$B$2:$B$301,L$43,Data_Posts!$N$2:$N$301,Calc!$B$2),0) -> 0.24558274 | M47: =IFERROR(AVERAGEIFS(Data_Posts!$P$2:$P$301,Data_Posts!$D$2:$D$301,$J47,Data_Posts!$B$2:$B$301,M$43,Data_Posts!$N$2:$N$301,Calc!$B$2),0) -> 0.18859717 | N47: =IFERROR(AVERAGEIFS(Data_Posts!$P$2:$P$301,Data_Posts!$D$2:$D$301,$J47,Data_Posts!$B$2:$B$301,N$43,Data_Posts!$N$2:$N$301,Calc!$B$2),0) -> 0.09496533
A48: Text | B48: =COUNTIFS(Data_Posts!$D$2:$D$301,$A48,Data_Posts!$B$2:$B$301,Calc!$B$1,Data_Posts!$N$2:$N$301,Calc!$B$2) -> 42 | C48: =IFERROR(AVERAGEIFS(Data_Posts!$P$2:$P$301,Data_Posts!$D$2:$D$301,$A48,Data_Posts!$B$2:$B$301,Calc!$B$1,Data_Posts!$N$2:$N$301,Calc!$B$2),0) -> 0.11750674 | D48: =IFERROR(SUMIFS(Data_Posts!$O$2:$O$301,Data_Posts!$D$2:$D$301,$A48,Data_Posts!$B$2:$B$301,Calc!$B$1,Data_Posts!$N$2:$N$301,Calc!$B$2)/SUMIFS(Data_Posts!$I$2:$I$301,Data_Posts!$D$2:$D$301,$A48,Data_Posts!$B$2:$B$301,Calc!$B$1,Data_Posts!$N$2:$N$301,Calc!$B$2),0) -> 0.098262835 | E48: =IFERROR(AVERAGEIFS(Data_Posts!$F$2:$F$301,Data_Posts!$D$2:$D$301,$A48,Data_Posts!$B$2:$B$301,Calc!$B$1,Data_Posts!$N$2:$N$301,Calc!$B$2),0) -> 2773.7143 | F48: =IFERROR(AVERAGEIFS(Data_Posts!$G$2:$G$301,Data_Posts!$D$2:$D$301,$A48,Data_Posts!$B$2:$B$301,Calc!$B$1,Data_Posts!$N$2:$N$301,Calc!$B$2),0) -> 445.07143 | G48: =IFERROR(AVERAGEIFS(Data_Posts!$H$2:$H$301,Data_Posts!$D$2:$D$301,$A48,Data_Posts!$B$2:$B$301,Calc!$B$1,Data_Posts!$N$2:$N$301,Calc!$B$2),0) -> 244.88095 | H48: =IFERROR(AVERAGEIFS(Data_Posts!$K$2:$K$301,Data_Posts!$D$2:$D$301,$A48,Data_Posts!$B$2:$B$301,Calc!$B$1,Data_Posts!$N$2:$N$301,Calc!$B$2),0) -> 163.40476 | J48: Text | K48: =IFERROR(AVERAGEIFS(Data_Posts!$P$2:$P$301,Data_Posts!$D$2:$D$301,$J48,Data_Posts!$B$2:$B$301,K$43,Data_Posts!$N$2:$N$301,Calc!$B$2),0) -> 0.10743951 | L48: =IFERROR(AVERAGEIFS(Data_Posts!$P$2:$P$301,Data_Posts!$D$2:$D$301,$J48,Data_Posts!$B$2:$B$301,L$43,Data_Posts!$N$2:$N$301,Calc!$B$2),0) -> 0.12920449 | M48: =IFERROR(AVERAGEIFS(Data_Posts!$P$2:$P$301,Data_Posts!$D$2:$D$301,$J48,Data_Posts!$B$2:$B$301,M$43,Data_Posts!$N$2:$N$301,Calc!$B$2),0) -> 0.12088973 | N48: =IFERROR(AVERAGEIFS(Data_Posts!$P$2:$P$301,Data_Posts!$D$2:$D$301,$J48,Data_Posts!$B$2:$B$301,N$43,Data_Posts!$N$2:$N$301,Calc!$B$2),0) -> 0.11459218
A49: Video | B49: =COUNTIFS(Data_Posts!$D$2:$D$301,$A49,Data_Posts!$B$2:$B$301,Calc!$B$1,Data_Posts!$N$2:$N$301,Calc!$B$2) -> 43 | C49: =IFERROR(AVERAGEIFS(Data_Posts!$P$2:$P$301,Data_Posts!$D$2:$D$301,$A49,Data_Posts!$B$2:$B$301,Calc!$B$1,Data_Posts!$N$2:$N$301,Calc!$B$2),0) -> 0.14814844 | D49: =IFERROR(SUMIFS(Data_Posts!$O$2:$O$301,Data_Posts!$D$2:$D$301,$A49,Data_Posts!$B$2:$B$301,Calc!$B$1,Data_Posts!$N$2:$N$301,Calc!$B$2)/SUMIFS(Data_Posts!$I$2:$I$301,Data_Posts!$D$2:$D$301,$A49,Data_Posts!$B$2:$B$301,Calc!$B$1,Data_Posts!$N$2:$N$301,Calc!$B$2),0) -> 0.10473608 | E49: =IFERROR(AVERAGEIFS(Data_Posts!$F$2:$F$301,Data_Posts!$D$2:$D$301,$A49,Data_Posts!$B$2:$B$301,Calc!$B$1,Data_Posts!$N$2:$N$301,Calc!$B$2),0) -> 2688.2558 | F49: =IFERROR(AVERAGEIFS(Data_Posts!$G$2:$G$301,Data_Posts!$D$2:$D$301,$A49,Data_Posts!$B$2:$B$301,Calc!$B$1,Data_Posts!$N$2:$N$301,Calc!$B$2),0) -> 488.25581 | G49: =IFERROR(AVERAGEIFS(Data_Posts!$H$2:$H$301,Data_Posts!$D$2:$D$301,$A49,Data_Posts!$B$2:$B$301,Calc!$B$1,Data_Posts!$N$2:$N$301,Calc!$B$2),0) -> 239.04651 | H49: =IFERROR(AVERAGEIFS(Data_Posts!$K$2:$K$301,Data_Posts!$D$2:$D$301,$A49,Data_Posts!$B$2:$B$301,Calc!$B$1,Data_Posts!$N$2:$N$301,Calc!$B$2),0) -> 132.83721 | J49: Video | K49: =IFERROR(AVERAGEIFS(Data_Posts!$P$2:$P$301,Data_Posts!$D$2:$D$301,$J49,Data_Posts!$B$2:$B$301,K$43,Data_Posts!$N$2:$N$301,Calc!$B$2),0) -> 0.12899654 | L49: =IFERROR(AVERAGEIFS(Data_Posts!$P$2:$P$301,Data_Posts!$D$2:$D$301,$J49,Data_Posts!$B$2:$B$301,L$43,Data_Posts!$N$2:$N$301,Calc!$B$2),0) -> 0.20623961 | M49: =IFERROR(AVERAGEIFS(Data_Posts!$P$2:$P$301,Data_Posts!$D$2:$D$301,$J49,Data_Posts!$B$2:$B$301,M$43,Data_Posts!$N$2:$N$301,Calc!$B$2),0) -> 0.11980877 | N49: =IFERROR(AVERAGEIFS(Data_Posts!$P$2:$P$301,Data_Posts!$D$2:$D$301,$J49,Data_Posts!$B$2:$B$301,N$43,Data_Posts!$N$2:$N$301,Calc!$B$2),0) -> 0.12968338
A50: Left table follows both filters. The heatmap (content type x platform) follows the Campaign filter only; each cell holds roughly 12 posts, so read it as directional.
A68: 3. Hashtag performance
A69: Hashtag | B69: Posts Using It | C69: Avg Post Engagement Rate | D69: Avg Clicks per Post | E69: Share of Hashtag Uses
A70: #FashionDeals | B70: =COUNTIFS(Data_Hashtags!$C$2:$C$457,$A70,Data_Hashtags!$B$2:$B$457,Calc!$B$1,Data_Hashtags!$D$2:$D$457,Calc!$B$2) -> 80 | C70: =IFERROR(AVERAGEIFS(Data_Hashtags!$E$2:$E$457,Data_Hashtags!$C$2:$C$457,$A70,Data_Hashtags!$B$2:$B$457,Calc!$B$1,Data_Hashtags!$D$2:$D$457,Calc!$B$2),0) -> 0.13661099 | D70: =IFERROR(AVERAGEIFS(Data_Hashtags!$F$2:$F$457,Data_Hashtags!$C$2:$C$457,$A70,Data_Hashtags!$B$2:$B$457,Calc!$B$1,Data_Hashtags!$D$2:$D$457,Calc!$B$2),0) -> 152.575 | E70: =IFERROR(B70/SUM($B$70:$B$74),0) -> 0.1754386
A71: #MyntraFashion | B71: =COUNTIFS(Data_Hashtags!$C$2:$C$457,$A71,Data_Hashtags!$B$2:$B$457,Calc!$B$1,Data_Hashtags!$D$2:$D$457,Calc!$B$2) -> 83 | C71: =IFERROR(AVERAGEIFS(Data_Hashtags!$E$2:$E$457,Data_Hashtags!$C$2:$C$457,$A71,Data_Hashtags!$B$2:$B$457,Calc!$B$1,Data_Hashtags!$D$2:$D$457,Calc!$B$2),0) -> 0.14549347 | D71: =IFERROR(AVERAGEIFS(Data_Hashtags!$F$2:$F$457,Data_Hashtags!$C$2:$C$457,$A71,Data_Hashtags!$B$2:$B$457,Calc!$B$1,Data_Hashtags!$D$2:$D$457,Calc!$B$2),0) -> 140.96386 | E71: =IFERROR(B71/SUM($B$70:$B$74),0) -> 0.18201754
A72: #MyntraSale | B72: =COUNTIFS(Data_Hashtags!$C$2:$C$457,$A72,Data_Hashtags!$B$2:$B$457,Calc!$B$1,Data_Hashtags!$D$2:$D$457,Calc!$B$2) -> 97 | C72: =IFERROR(AVERAGEIFS(Data_Hashtags!$E$2:$E$457,Data_Hashtags!$C$2:$C$457,$A72,Data_Hashtags!$B$2:$B$457,Calc!$B$1,Data_Hashtags!$D$2:$D$457,Calc!$B$2),0) -> 0.14917346 | D72: =IFERROR(AVERAGEIFS(Data_Hashtags!$F$2:$F$457,Data_Hashtags!$C$2:$C$457,$A72,Data_Hashtags!$B$2:$B$457,Calc!$B$1,Data_Hashtags!$D$2:$D$457,Calc!$B$2),0) -> 149.70103 | E72: =IFERROR(B72/SUM($B$70:$B$74),0) -> 0.2127193
A73: #MyntraTrend | B73: =COUNTIFS(Data_Hashtags!$C$2:$C$457,$A73,Data_Hashtags!$B$2:$B$457,Calc!$B$1,Data_Hashtags!$D$2:$D$457,Calc!$B$2) -> 92 | C73: =IFERROR(AVERAGEIFS(Data_Hashtags!$E$2:$E$457,Data_Hashtags!$C$2:$C$457,$A73,Data_Hashtags!$B$2:$B$457,Calc!$B$1,Data_Hashtags!$D$2:$D$457,Calc!$B$2),0) -> 0.1435307 | D73: =IFERROR(AVERAGEIFS(Data_Hashtags!$F$2:$F$457,Data_Hashtags!$C$2:$C$457,$A73,Data_Hashtags!$B$2:$B$457,Calc!$B$1,Data_Hashtags!$D$2:$D$457,Calc!$B$2),0) -> 165.27174 | E73: =IFERROR(B73/SUM($B$70:$B$74),0) -> 0.20175439
A74: #StyleWithMyntra | B74: =COUNTIFS(Data_Hashtags!$C$2:$C$457,$A74,Data_Hashtags!$B$2:$B$457,Calc!$B$1,Data_Hashtags!$D$2:$D$457,Calc!$B$2) -> 104 | C74: =IFERROR(AVERAGEIFS(Data_Hashtags!$E$2:$E$457,Data_Hashtags!$C$2:$C$457,$A74,Data_Hashtags!$B$2:$B$457,Calc!$B$1,Data_Hashtags!$D$2:$D$457,Calc!$B$2),0) -> 0.15618194 | D74: =IFERROR(AVERAGEIFS(Data_Hashtags!$F$2:$F$457,Data_Hashtags!$C$2:$C$457,$A74,Data_Hashtags!$B$2:$B$457,Calc!$B$1,Data_Hashtags!$D$2:$D$457,Calc!$B$2),0) -> 146.16346 | E74: =IFERROR(B74/SUM($B$70:$B$74),0) -> 0.22807018
A75: Built from the split-hashtag table (one row per post-hashtag pair), so a post with two hashtags counts once under each. Follows both filters.
A93: 4. Campaign effectiveness
A94: Campaign | B94: Start | C94: End | D94: Budget | E94: Tagged Posts | F94: Impressions | G94: Likes | H94: Clicks | I94: Avg Post Engagement Rate | J94: Total Engagement | K94: Engagement per 1,000 Budget | L94: Weeks in Window | M94: Net Followers in Window | N94: Net Followers per 1,000 Budget
A95: =Data_Campaigns!A2 -> EndOfSeasonSale | B95: =Data_Campaigns!B2 -> 45453 | C95: =Data_Campaigns!C2 -> 45478 | D95: =Data_Campaigns!E2 -> 180000 | E95: =COUNTIFS(Data_Posts!$N$2:$N$301,$A95,Data_Posts!$B$2:$B$301,Calc!$B$1) -> 83 | F95: =SUMIFS(Data_Posts!$I$2:$I$301,Data_Posts!$N$2:$N$301,$A95,Data_Posts!$B$2:$B$301,Calc!$B$1) -> 2886292 | G95: =SUMIFS(Data_Posts!$F$2:$F$301,Data_Posts!$N$2:$N$301,$A95,Data_Posts!$B$2:$B$301,Calc!$B$1) -> 232785 | H95: =SUMIFS(Data_Posts!$K$2:$K$301,Data_Posts!$N$2:$N$301,$A95,Data_Posts!$B$2:$B$301,Calc!$B$1) -> 12376 | I95: =IFERROR(AVERAGEIFS(Data_Posts!$P$2:$P$301,Data_Posts!$N$2:$N$301,$A95,Data_Posts!$B$2:$B$301,Calc!$B$1),0) -> 0.15353197 | J95: =SUMIFS(Data_Posts!$O$2:$O$301,Data_Posts!$N$2:$N$301,$A95,Data_Posts!$B$2:$B$301,Calc!$B$1) -> 295774 | K95: =IFERROR(J95/D95*1000,0) -> 1643.1889 | L95: =COUNTIFS(Calc!$A$5:$A$54,">="&B95,Calc!$A$5:$A$54,"<="&C95) -> 4 | M95: =SUMIFS(Data_Weekly!$H$2:$H$201,Data_Weekly!$A$2:$A$201,">="&B95,Data_Weekly!$A$2:$A$201,"<="&C95,Data_Weekly!$B$2:$B$201,Calc!$B$1) -> 11191 | N95: =IFERROR(M95/D95*1000,0) -> 62.172222
A96: =Data_Campaigns!A3 -> FashionUpgrade | B96: =Data_Campaigns!B3 -> 45505 | C96: =Data_Campaigns!C3 -> 45535 | D96: =Data_Campaigns!E3 -> 160000 | E96: =COUNTIFS(Data_Posts!$N$2:$N$301,$A96,Data_Posts!$B$2:$B$301,Calc!$B$1) -> 72 | F96: =SUMIFS(Data_Posts!$I$2:$I$301,Data_Posts!$N$2:$N$301,$A96,Data_Posts!$B$2:$B$301,Calc!$B$1) -> 2788367 | G96: =SUMIFS(Data_Posts!$F$2:$F$301,Data_Posts!$N$2:$N$301,$A96,Data_Posts!$B$2:$B$301,Calc!$B$1) -> 212431 | H96: =SUMIFS(Data_Posts!$K$2:$K$301,Data_Posts!$N$2:$N$301,$A96,Data_Posts!$B$2:$B$301,Calc!$B$1) -> 11191 | I96: =IFERROR(AVERAGEIFS(Data_Posts!$P$2:$P$301,Data_Posts!$N$2:$N$301,$A96,Data_Posts!$B$2:$B$301,Calc!$B$1),0) -> 0.13707959 | J96: =SUMIFS(Data_Posts!$O$2:$O$301,Data_Posts!$N$2:$N$301,$A96,Data_Posts!$B$2:$B$301,Calc!$B$1) -> 265044 | K96: =IFERROR(J96/D96*1000,0) -> 1656.525 | L96: =COUNTIFS(Calc!$A$5:$A$54,">="&B96,Calc!$A$5:$A$54,"<="&C96) -> 4 | M96: =SUMIFS(Data_Weekly!$H$2:$H$201,Data_Weekly!$A$2:$A$201,">="&B96,Data_Weekly!$A$2:$A$201,"<="&C96,Data_Weekly!$B$2:$B$201,Calc!$B$1) -> 10422 | N96: =IFERROR(M96/D96*1000,0) -> 65.1375
A97: =Data_Campaigns!A4 -> MyntraFestiveEdit | B97: =Data_Campaigns!B4 -> 45570 | C97: =Data_Campaigns!C4 -> 45601 | D97: =Data_Campaigns!E4 -> 220000 | E97: =COUNTIFS(Data_Posts!$N$2:$N$301,$A97,Data_Posts!$B$2:$B$301,Calc!$B$1) -> 78 | F97: =SUMIFS(Data_Posts!$I$2:$I$301,Data_Posts!$N$2:$N$301,$A97,Data_Posts!$B$2:$B$301,Calc!$B$1) -> 2611652 | G97: =SUMIFS(Data_Posts!$F$2:$F$301,Data_Posts!$N$2:$N$301,$A97,Data_Posts!$B$2:$B$301,Calc!$B$1) -> 198666 | H97: =SUMIFS(Data_Posts!$K$2:$K$301,Data_Posts!$N$2:$N$301,$A97,Data_Posts!$B$2:$B$301,Calc!$B$1) -> 12464 | I97: =IFERROR(AVERAGEIFS(Data_Posts!$P$2:$P$301,Data_Posts!$N$2:$N$301,$A97,Data_Posts!$B$2:$B$301,Calc!$B$1),0) -> 0.14444571 | J97: =SUMIFS(Data_Posts!$O$2:$O$301,Data_Posts!$N$2:$N$301,$A97,Data_Posts!$B$2:$B$301,Calc!$B$1) -> 256339 | K97: =IFERROR(J97/D97*1000,0) -> 1165.1773 | L97: =COUNTIFS(Calc!$A$5:$A$54,">="&B97,Calc!$A$5:$A$54,"<="&C97) -> 5 | M97: =SUMIFS(Data_Weekly!$H$2:$H$201,Data_Weekly!$A$2:$A$201,">="&B97,Data_Weekly!$A$2:$A$201,"<="&C97,Data_Weekly!$B$2:$B$201,Calc!$B$1) -> 15676 | N97: =IFERROR(M97/D97*1000,0) -> 71.254545
A98: =Data_Campaigns!A5 -> StyleRevolution | B98: =Data_Campaigns!B5 -> 45667 | C98: =Data_Campaigns!C5 -> 45698 | D98: =Data_Campaigns!E5 -> 200000 | E98: =COUNTIFS(Data_Posts!$N$2:$N$301,$A98,Data_Posts!$B$2:$B$301,Calc!$B$1) -> 67 | F98: =SUMIFS(Data_Posts!$I$2:$I$301,Data_Posts!$N$2:$N$301,$A98,Data_Posts!$B$2:$B$301,Calc!$B$1) -> 2107842 | G98: =SUMIFS(Data_Posts!$F$2:$F$301,Data_Posts!$N$2:$N$301,$A98,Data_Posts!$B$2:$B$301,Calc!$B$1) -> 176109 | H98: =SUMIFS(Data_Posts!$K$2:$K$301,Data_Posts!$N$2:$N$301,$A98,Data_Posts!$B$2:$B$301,Calc!$B$1) -> 9335 | I98: =IFERROR(AVERAGEIFS(Data_Posts!$P$2:$P$301,Data_Posts!$N$2:$N$301,$A98,Data_Posts!$B$2:$B$301,Calc!$B$1),0) -> 0.15828608 | J98: =SUMIFS(Data_Posts!$O$2:$O$301,Data_Posts!$N$2:$N$301,$A98,Data_Posts!$B$2:$B$301,Calc!$B$1) -> 220610 | K98: =IFERROR(J98/D98*1000,0) -> 1103.05 | L98: =COUNTIFS(Calc!$A$5:$A$54,">="&B98,Calc!$A$5:$A$54,"<="&C98) -> 5 | M98: =SUMIFS(Data_Weekly!$H$2:$H$201,Data_Weekly!$A$2:$A$201,">="&B98,Data_Weekly!$A$2:$A$201,"<="&C98,Data_Weekly!$B$2:$B$201,Calc!$B$1) -> 17249 | N98: =IFERROR(M98/D98*1000,0) -> 86.245
A99: Post metrics use the campaign tag on each post. Follower metrics use the campaign's start/end dates against the weekly data (windows are 4 or 5 weeks long). Budget is not split by platform, so the per-1,000-budget columns are most meaningful with Platform = All.
A117: 5. Follower growth trend (follows the Platform filter)
A118: PEAK WEEK (WEEK STARTING) | C118: NET FOLLOWERS IN PEAK WEEK | E118: AVG WEEKLY NET FOLLOWERS | G118: CORRELATION: AD SPEND vs NET ADDS (r)
A119: =INDEX(Calc!$A$5:$A$54,MATCH(MAX(Calc!$B$5:$B$54),Calc!$B$5:$B$54,0)) -> 45656 | C119: =MAX(Calc!$B$5:$B$54) -> 6530 | E119: =AVERAGE(Calc!$B$5:$B$54) -> 3202.1 | G119: =CORREL(Calc!$D$5:$D$54,Calc!$B$5:$B$54) -> -0.056296769 | I119: r near 0 means ad spend does not explain weekly follower gains.
A137: Trend tables behind these charts are on the Calc sheet. Net followers = New Followers minus Unfollows; the supplied Total_Followers column is not used because it jumps erratically week to week.

Sheet Data_Posts
A1: Post ID | B1: Platform | C1: Date | D1: Content Type | E1: Post Text | F1: Likes | G1: Shares | H1: Comments | I1: Impressions | J1: Reach | K1: Clicks | L1: Hashtag 1 | M1: Hashtag 2 | N1: Campaign | O1: Engagement | P1: Engagement Rate
A2: P001 | B2: Twitter | C2: 45649 | D2: Reel | E2: Explore the latest reel on Myntra! Trendy styles await. | F2: 1461 | G2: 184 | H2: 344 | I2: 21915 | J2: 21675 | K2: 15 | L2: #MyntraSale | N2: FashionUpgrade | O2: =F2+G2+H2 -> 1989 | P2: =IFERROR(O2/I2,0) -> 0.090759754
A3: P002 | B3: Twitter | C3: 45750 | D3: Text | E3: Explore the latest text on Myntra! Trendy styles await. | F3: 4054 | G3: 389 | H3: 493 | I3: 64864 | J3: 64383 | K3: 117 | L3: #MyntraFashion | N3: EndOfSeasonSale | O3: =F3+G3+H3 -> 4936 | P3: =IFERROR(O3/I3,0) -> 0.076097681
A4: P003 | B4: YouTube | C4: 45789 | D4: Reel | E4: Explore the latest reel on Myntra! Trendy styles await. | F4: 2795 | G4: 105 | H4: 49 | I4: 53105 | J4: 52307 | K4: 204 | L4: #MyntraFashion | M4: #MyntraSale | N4: FashionUpgrade | O4: =F4+G4+H4 -> 2949 | P4: =IFERROR(O4/I4,0) -> 0.055531494
A5: P004 | B5: Instagram | C5: 45516 | D5: Story | E5: Explore the latest story on Myntra! Trendy styles await. | F5: 2404 | G5: 363 | H5: 138 | I5: 19232 | J5: 18636 | K5: 128 | L5: #MyntraSale | N5: FashionUpgrade | O5: =F5+G5+H5 -> 2905 | P5: =IFERROR(O5/I5,0) -> 0.15105033
A6: P005 | B6: YouTube | C6: 45469 | D6: Reel | E6: Explore the latest reel on Myntra! Trendy styles await. | F6: 3557 | G6: 687 | H6: 424 | I6: 71140 | J6: 70701 | K6: 224 | L6: #StyleWithMyntra | M6: #MyntraFashion | N6: MyntraFestiveEdit | O6: =F6+G6+H6 -> 4668 | P6: =IFERROR(O6/I6,0) -> 0.065617093
A7: P006 | B7: Facebook | C7: 45596 | D7: Carousel | E7: Explore the latest carousel on Myntra! Trendy styles await. | F7: 2945 | G7: 930 | H7: 355 | I7: 23560 | J7: 23275 | K7: 256 | L7: #MyntraTrend | N7: EndOfSeasonSale | O7: =F7+G7+H7 -> 4230 | P7: =IFERROR(O7/I7,0) -> 0.1795416
A8: P007 | B8: Twitter | C8: 45467 | D8: Carousel | E8: Explore the latest carousel on Myntra! Trendy styles await. | F8: 3860 | G8: 201 | H8: 279 | I8: 61760 | J8: 61660 | K8: 235 | L8: #MyntraTrend | N8: MyntraFestiveEdit | O8: =F8+G8+H8 -> 4340 | P8: =IFERROR(O8/I8,0) -> 0.070272021
A9: P008 | B9: YouTube | C9: 45486 | D9: Image | E9: Explore the latest image on Myntra! Trendy styles await. | F9: 3929 | G9: 262 | H9: 278 | I9: 43219 | J9: 42841 | K9: 39 | L9: #MyntraFashion | M9: #MyntraSale | N9: MyntraFestiveEdit | O9: =F9+G9+H9 -> 4469 | P9: =IFERROR(O9/I9,0) -> 0.1034036
A10: P009 | B10: Facebook | C10: 45534 | D10: Text | E10: Explore the latest text on Myntra! Trendy styles await. | F10: 3784 | G10: 808 | H10: 404 | I10: 56760 | J10: 56343 | K10: 131 | L10: #MyntraFashion | M10: #MyntraSale | N10: MyntraFestiveEdit | O10: =F10+G10+H10 -> 4996 | P10: =IFERROR(O10/I10,0) -> 0.088019732
A11: P010 | B11: Facebook | C11: 45727 | D11: Image | E11: Explore the latest image on Myntra! Trendy styles await. | F11: 4241 | G11: 902 | H11: 47 | I11: 72097 | J11: 71598 | K11: 167 | L11: #MyntraTrend | N11: StyleRevolution | O11: =F11+G11+H11 -> 5190 | P11: =IFERROR(O11/I11,0) -> 0.071986352
A12: P011 | B12: Instagram | C12: 45690 | D12: Story | E12: Explore the latest story on Myntra! Trendy styles await. | F12: 1792 | G12: 614 | H12: 497 | I12: 25088 | J12: 24675 | K12: 65 | L12: #StyleWithMyntra | N12: FashionUpgrade | O12: =F12+G12+H12 -> 2903 | P12: =IFERROR(O12/I12,0) -> 0.11571269
A13: P012 | B13: Facebook | C13: 45494 | D13: Reel | E13: Explore the latest reel on Myntra! Trendy styles await. | F13: 1946 | G13: 686 | H13: 377 | I13: 23352 | J13: 22982 | K13: 213 | L13: #StyleWithMyntra | M13: #MyntraSale | N13: MyntraFestiveEdit | O13: =F13+G13+H13 -> 3009 | P13: =IFERROR(O13/I13,0) -> 0.12885406
A14: P013 | B14: YouTube | C14: 45614 | D14: Carousel | E14: Explore the latest carousel on Myntra! Trendy styles await. | F14: 1171 | G14: 286 | H14: 231 | I14: 22249 | J14: 21282 | K14: 114 | L14: #MyntraFashion | N14: StyleRevolution | O14: =F14+G14+H14 -> 1688 | P14: =IFERROR(O14/I14,0) -> 0.075868578
A15: P014 | B15: Facebook | C15: 45704 | D15: Story | E15: Explore the latest story on Myntra! Trendy styles await. | F15: 4242 | G15: 555 | H15: 131 | I15: 33936 | J15: 33802 | K15: 265 | L15: #MyntraSale | M15: #MyntraFashion | N15: MyntraFestiveEdit | O15: =F15+G15+H15 -> 4928 | P15: =IFERROR(O15/I15,0) -> 0.14521452
A16: P015 | B16: Facebook | C16: 45589 | D16: Video | E16: Explore the latest video on Myntra! Trendy styles await. | F16: 3888 | G16: 604 | H16: 128 | I16: 77760 | J16: 77167 | K16: 20 | L16: #MyntraFashion | M16: #FashionDeals | N16: FashionUpgrade | O16: =F16+G16+H16 -> 4620 | P16: =IFERROR(O16/I16,0) -> 0.05941358
A17: P016 | B17: Facebook | C17: 45530 | D17: Text | E17: Explore the latest text on Myntra! Trendy styles await. | F17: 3452 | G17: 377 | H17: 360 | I17: 55232 | J17: 55075 | K17: 87 | L17: #MyntraSale | M17: #FashionDeals | N17: MyntraFestiveEdit | O17: =F17+G17+H17 -> 4189 | P17: =IFERROR(O17/I17,0) -> 0.075843714
A18: P017 | B18: Facebook | C18: 45782 | D18: Text | E18: Explore the latest text on Myntra! Trendy styles await. | F18: 4441 | G18: 511 | H18: 70 | I18: 53292 | J18: 53082 | K18: 159 | L18: #FashionDeals | N18: MyntraFestiveEdit | O18: =F18+G18+H18 -> 5022 | P18: =IFERROR(O18/I18,0) -> 0.094235533
A19: P018 | B19: Instagram | C19: 45523 | D19: Reel | E19: Explore the latest reel on Myntra! Trendy styles await. | F19: 3000 | G19: 382 | H19: 325 | I19: 36000 | J19: 35819 | K19: 19 | L19: #StyleWithMyntra | N19: EndOfSeasonSale | O19: =F19+G19+H19 -> 3707 | P19: =IFERROR(O19/I19,0) -> 0.10297222
A20: P019 | B20: Instagram | C20: 45466 | D20: Video | E20: Explore the latest video on Myntra! Trendy styles await. | F20: 1071 | G20: 519 | H20: 22 | I20: 16065 | J20: 15865 | K20: 103 | L20: #MyntraSale | M20: #StyleWithMyntra | N20: MyntraFestiveEdit | O20: =F20+G20+H20 -> 1612 | P20: =IFERROR(O20/I20,0) -> 0.10034236
A21: P020 | B21: Instagram | C21: 45544 | D21: Carousel | E21: Explore the latest carousel on Myntra! Trendy styles await. | F21: 4054 | G21: 488 | H21: 373 | I21: 77026 | J21: 76881 | K21: 25 | L21: #MyntraFashion | M21: #MyntraSale | N21: MyntraFestiveEdit | O21: =F21+G21+H21 -> 4915 | P21: =IFERROR(O21/I21,0) -> 0.063809623
A22: P021 | B22: Instagram | C22: 45661 | D22: Reel | E22: Explore the latest reel on Myntra! Trendy styles await. | F22: 4838 | G22: 640 | H22: 128 | I22: 72570 | J22: 72396 | K22: 83 | L22: #StyleWithMyntra | M22: #MyntraTrend | N22: MyntraFestiveEdit | O22: =F22+G22+H22 -> 5606 | P22: =IFERROR(O22/I22,0) -> 0.077249552
A23: P022 | B23: Facebook | C23: 45715 | D23: Text | E23: Explore the latest text on Myntra! Trendy styles await. | F23: 1570 | G23: 187 | H23: 260 | I23: 25120 | J23: 24613 | K23: 133 | L23: #MyntraSale | N23: StyleRevolution | O23: =F23+G23+H23 -> 2017 | P23: =IFERROR(O23/I23,0) -> 0.080294586
A24: P023 | B24: Facebook | C24: 45602 | D24: Video | E24: Explore the latest video on Myntra! Trendy styles await. | F24: 1606 | G24: 547 | H24: 316 | I24: 32120 | J24: 31736 | K24: 225 | L24: #MyntraSale | N24: MyntraFestiveEdit | O24: =F24+G24+H24 -> 2469 | P24: =IFERROR(O24/I24,0) -> 0.076867995
A25: P024 | B25: Facebook | C25: 45680 | D25: Video | E25: Explore the latest video on Myntra! Trendy styles await. | F25: 3961 | G25: 761 | H25: 131 | I25: 67337 | J25: 66615 | K25: 161 | L25: #MyntraTrend | N25: EndOfSeasonSale | O25: =F25+G25+H25 -> 4853 | P25: =IFERROR(O25/I25,0) -> 0.072070333
A26: P025 | B26: Twitter | C26: 45757 | D26: Carousel | E26: Explore the latest carousel on Myntra! Trendy styles await. | F26: 3128 | G26: 211 | H26: 197 | I26: 59432 | J26: 59182 | K26: 238 | L26: #StyleWithMyntra | M26: #MyntraSale | N26: FashionUpgrade | O26: =F26+G26+H26 -> 3536 | P26: =IFERROR(O26/I26,0) -> 0.059496568
A27: P026 | B27: YouTube | C27: 45752 | D27: Reel | E27: Explore the latest reel on Myntra! Trendy styles await. | F27: 3009 | G27: 413 | H27: 358 | I27: 42126 | J27: 41309 | K27: 211 | L27: #MyntraSale | N27: EndOfSeasonSale | O27: =F27+G27+H27 -> 3780 | P27: =IFERROR(O27/I27,0) -> 0.089730808
A28: P027 | B28: YouTube | C28: 45552 | D28: Text | E28: Explore the latest text on Myntra! Trendy styles await. | F28: 2076 | G28: 195 | H28: 104 | I28: 33216 | J28: 32244 | K28: 51 | L28: #MyntraTrend | N28: StyleRevolution | O28: =F28+G28+H28 -> 2375 | P28: =IFERROR(O28/I28,0) -> 0.071501686
A29: P028 | B29: Instagram | C29: 45720 | D29: Video | E29: Explore the latest video on Myntra! Trendy styles await. | F29: 432 | G29: 624 | H29: 123 | I29: 6912 | J29: 6259 | K29: 79 | L29: #MyntraSale | M29: #MyntraTrend | N29: EndOfSeasonSale | O29: =F29+G29+H29 -> 1179 | P29: =IFERROR(O29/I29,0) -> 0.17057292
A30: P029 | B30: Instagram | C30: 45688 | D30: Carousel | E30: Explore the latest carousel on Myntra! Trendy styles await. | F30: 2566 | G30: 118 | H30: 37 | I30: 12830 | J30: 12264 | K30: 221 | L30: #MyntraTrend | M30: #MyntraFashion | N30: MyntraFestiveEdit | O30: =F30+G30+H30 -> 2721 | P30: =IFERROR(O30/I30,0) -> 0.21208106
A31: P030 | B31: Instagram | C31: 45713 | D31: Video | E31: Explore the latest video on Myntra! Trendy styles await. | F31: 3095 | G31: 39 | H31: 78 | I31: 55710 | J31: 54808 | K31: 93 | L31: #MyntraSale | N31: StyleRevolution | O31: =F31+G31+H31 -> 3212 | P31: =IFERROR(O31/I31,0) -> 0.057655717
A32: P031 | B32: Instagram | C32: 45642 | D32: Text | E32: Explore the latest text on Myntra! Trendy styles await. | F32: 438 | G32: 153 | H32: 275 | I32: 3066 | J32: 2701 | K32: 282 | L32: #MyntraTrend | N32: StyleRevolution | O32: =F32+G32+H32 -> 866 | P32: =IFERROR(O32/I32,0) -> 0.28245271
A33: P032 | B33: Twitter | C33: 45504 | D33: Carousel | E33: Explore the latest carousel on Myntra! Trendy styles await. | F33: 2278 | G33: 10 | H33: 321 | I33: 13668 | J33: 12676 | K33: 275 | L33: #MyntraTrend | M33: #MyntraFashion | N33: StyleRevolution | O33: =F33+G33+H33 -> 2609 | P33: =IFERROR(O33/I33,0) -> 0.19088382
A34: P033 | B34: Facebook | C34: 45525 | D34: Image | E34: Explore the latest image on Myntra! Trendy styles await. | F34: 1407 | G34: 400 | H34: 351 | I34: 16884 | J34: 15954 | K34: 113 | L34: #MyntraFashion | M34: #FashionDeals | N34: MyntraFestiveEdit | O34: =F34+G34+H34 -> 2158 | P34: =IFERROR(O34/I34,0) -> 0.12781331
A35: P034 | B35: Facebook | C35: 45742 | D35: Text | E35: Explore the latest text on Myntra! Trendy styles await. | F35: 1652 | G35: 89 | H35: 357 | I35: 29736 | J35: 28771 | K35: 215 | L35: #MyntraTrend | M35: #FashionDeals | N35: EndOfSeasonSale | O35: =F35+G35+H35 -> 2098 | P35: =IFERROR(O35/I35,0) -> 0.07055421
A36: P035 | B36: Instagram | C36: 45626 | D36: Video | E36: Explore the latest video on Myntra! Trendy styles await. | F36: 3775 | G36: 16 | H36: 239 | I36: 33975 | J36: 33310 | K36: 271 | L36: #StyleWithMyntra | M36: #MyntraSale | N36: MyntraFestiveEdit | O36: =F36+G36+H36 -> 4030 | P36: =IFERROR(O36/I36,0) -> 0.11861663
A37: P036 | B37: Instagram | C37: 45766 | D37: Story | E37: Explore the latest story on Myntra! Trendy styles await. | F37: 4518 | G37: 285 | H37: 383 | I37: 67770 | J37: 67621 | K37: 31 | L37: #FashionDeals | N37: EndOfSeasonSale | O37: =F37+G37+H37 -> 5186 | P37: =IFERROR(O37/I37,0) -> 0.076523535
A38: P037 | B38: Facebook | C38: 45663 | D38: Carousel | E38: Explore the latest carousel on Myntra! Trendy styles await. | F38: 3024 | G38: 925 | H38: 350 | I38: 24192 | J38: 23518 | K38: 36 | L38: #MyntraSale | N38: MyntraFestiveEdit | O38: =F38+G38+H38 -> 4299 | P38: =IFERROR(O38/I38,0) -> 0.17770337
A39: P038 | B39: YouTube | C39: 45705 | D39: Reel | E39: Explore the latest reel on Myntra! Trendy styles await. | F39: 3138 | G39: 123 | H39: 291 | I39: 28242 | J39: 27550 | K39: 87 | L39: #FashionDeals | N39: StyleRevolution | O39: =F39+G39+H39 -> 3552 | P39: =IFERROR(O39/I39,0) -> 0.12577013
A40: P039 | B40: Facebook | C40: 45621 | D40: Image | E40: Explore the latest image on Myntra! Trendy styles await. | F40: 3564 | G40: 629 | H40: 177 | I40: 60588 | J40: 59627 | K40: 92 | L40: #FashionDeals | M40: #MyntraSale | N40: MyntraFestiveEdit | O40: =F40+G40+H40 -> 4370 | P40: =IFERROR(O40/I40,0) -> 0.072126494
A41: P040 | B41: Twitter | C41: 45723 | D41: Image | E41: Explore the latest image on Myntra! Trendy styles await. | F41: 4750 | G41: 151 | H41: 415 | I41: 38000 | J41: 37792 | K41: 299 | L41: #StyleWithMyntra | M41: #MyntraSale | N41: EndOfSeasonSale | O41: =F41+G41+H41 -> 5316 | P41: =IFERROR(O41/I41,0) -> 0.13989474
A42: P041 | B42: Instagram | C42: 45724 | D42: Reel | E42: Explore the latest reel on Myntra! Trendy styles await. | F42: 456 | G42: 629 | H42: 428 | I42: 8208 | J42: 7377 | K42: 205 | L42: #MyntraSale | M42: #FashionDeals | N42: MyntraFestiveEdit | O42: =F42+G42+H42 -> 1513 | P42: =IFERROR(O42/I42,0) -> 0.18433236
A43: P042 | B43: YouTube | C43: 45721 | D43: Reel | E43: Explore the latest reel on Myntra! Trendy styles await. | F43: 1543 | G43: 820 | H43: 333 | I43: 12344 | J43: 11496 | K43: 241 | L43: #StyleWithMyntra | N43: MyntraFestiveEdit | O43: =F43+G43+H43 -> 2696 | P43: =IFERROR(O43/I43,0) -> 0.2184057
A44: P043 | B44: Instagram | C44: 45640 | D44: Carousel | E44: Explore the latest carousel on Myntra! Trendy styles await. | F44: 2174 | G44: 658 | H44: 15 | I44: 13044 | J44: 12206 | K44: 137 | L44: #MyntraSale | M44: #MyntraFashion | N44: StyleRevolution | O44: =F44+G44+H44 -> 2847 | P44: =IFERROR(O44/I44,0) -> 0.21826127
A45: P044 | B45: Twitter | C45: 45718 | D45: Image | E45: Explore the latest image on Myntra! Trendy styles await. | F45: 2358 | G45: 784 | H45: 344 | I45: 35370 | J45: 34475 | K45: 216 | L45: #MyntraSale | M45: #StyleWithMyntra | N45: FashionUpgrade | O45: =F45+G45+H45 -> 3486 | P45: =IFERROR(O45/I45,0) -> 0.0985581
A46: P045 | B46: Facebook | C46: 45597 | D46: Video | E46: Explore the latest video on Myntra! Trendy styles await. | F46: 3371 | G46: 106 | H46: 327 | I46: 50565 | J46: 49816 | K46: 176 | L46: #FashionDeals | N46: StyleRevolution | O46: =F46+G46+H46 -> 3804 | P46: =IFERROR(O46/I46,0) -> 0.075229902
A47: P046 | B47: Twitter | C47: 45779 | D47: Video | E47: Explore the latest video on Myntra! Trendy styles await. | F47: 1108 | G47: 177 | H47: 212 | I47: 8864 | J47: 8710 | K47: 97 | L47: #MyntraFashion | N47: StyleRevolution | O47: =F47+G47+H47 -> 1497 | P47: =IFERROR(O47/I47,0) -> 0.16888538
A48: P047 | B48: Twitter | C48: 45712 | D48: Carousel | E48: Explore the latest carousel on Myntra! Trendy styles await. | F48: 2704 | G48: 752 | H48: 153 | I48: 21632 | J48: 20792 | K48: 127 | L48: #FashionDeals | M48: #MyntraFashion | N48: FashionUpgrade | O48: =F48+G48+H48 -> 3609 | P48: =IFERROR(O48/I48,0) -> 0.16683617
A49: P048 | B49: Twitter | C49: 45727 | D49: Story | E49: Explore the latest story on Myntra! Trendy styles await. | F49: 1950 | G49: 295 | H49: 478 | I49: 37050 | J49: 36272 | K49: 119 | L49: #MyntraFashion | M49: #StyleWithMyntra | N49: StyleRevolution | O49: =F49+G49+H49 -> 2723 | P49: =IFERROR(O49/I49,0) -> 0.073495277
A50: P049 | B50: Twitter | C50: 45453 | D50: Story | E50: Explore the latest story on Myntra! Trendy styles await. | F50: 2164 | G50: 549 | H50: 274 | I50: 28132 | J50: 27361 | K50: 177 | L50: #StyleWithMyntra | N50: FashionUpgrade | O50: =F50+G50+H50 -> 2987 | P50: =IFERROR(O50/I50,0) -> 0.10617802
A51: P050 | B51: YouTube | C51: 45476 | D51: Story | E51: Explore the latest story on Myntra! Trendy styles await. | F51: 2754 | G51: 130 | H51: 90 | I51: 22032 | J51: 21288 | K51: 112 | L51: #MyntraFashion | N51: FashionUpgrade | O51: =F51+G51+H51 -> 2974 | P51: =IFERROR(O51/I51,0) -> 0.13498548
A52: P051 | B52: Facebook | C52: 45456 | D52: Carousel | E52: Explore the latest carousel on Myntra! Trendy styles await. | F52: 2200 | G52: 504 | H52: 239 | I52: 37400 | J52: 36938 | K52: 225 | L52: #MyntraSale | N52: MyntraFestiveEdit | O52: =F52+G52+H52 -> 2943 | P52: =IFERROR(O52/I52,0) -> 0.07868984
A53: P052 | B53: Facebook | C53: 45660 | D53: Image | E53: Explore the latest image on Myntra! Trendy styles await. | F53: 947 | G53: 338 | H53: 350 | I53: 10417 | J53: 9730 | K53: 34 | L53: #MyntraFashion | M53: #MyntraSale | N53: MyntraFestiveEdit | O53: =F53+G53+H53 -> 1635 | P53: =IFERROR(O53/I53,0) -> 0.15695498
A54: P053 | B54: YouTube | C54: 45712 | D54: Carousel | E54: Explore the latest carousel on Myntra! Trendy styles await. | F54: 804 | G54: 639 | H54: 43 | I54: 4020 | J54: 3144 | K54: 11 | L54: #StyleWithMyntra | M54: #MyntraTrend | N54: StyleRevolution | O54: =F54+G54+H54 -> 1486 | P54: =IFERROR(O54/I54,0) -> 0.36965174
A55: P054 | B55: YouTube | C55: 45729 | D55: Carousel | E55: Explore the latest carousel on Myntra! Trendy styles await. | F55: 1686 | G55: 904 | H55: 472 | I55: 18546 | J55: 18171 | K55: 52 | L55: #MyntraFashion | M55: #FashionDeals | N55: EndOfSeasonSale | O55: =F55+G55+H55 -> 3062 | P55: =IFERROR(O55/I55,0) -> 0.16510299
A56: P055 | B56: Facebook | C56: 45460 | D56: Image | E56: Explore the latest image on Myntra! Trendy styles await. | F56: 1226 | G56: 119 | H56: 7 | I56: 14712 | J56: 14049 | K56: 123 | L56: #MyntraSale | M56: #MyntraTrend | N56: StyleRevolution | O56: =F56+G56+H56 -> 1352 | P56: =IFERROR(O56/I56,0) -> 0.091897771
A57: P056 | B57: Facebook | C57: 45644 | D57: Carousel | E57: Explore the latest carousel on Myntra! Trendy styles await. | F57: 2946 | G57: 498 | H57: 367 | I57: 29460 | J57: 28527 | K57: 60 | L57: #StyleWithMyntra | M57: #FashionDeals | N57: EndOfSeasonSale | O57: =F57+G57+H57 -> 3811 | P57: =IFERROR(O57/I57,0) -> 0.12936185
A58: P057 | B58: Twitter | C58: 45586 | D58: Video | E58: Explore the latest video on Myntra! Trendy styles await. | F58: 2825 | G58: 535 | H58: 295 | I58: 45200 | J58: 44739 | K58: 169 | L58: #StyleWithMyntra | N58: EndOfSeasonSale | O58: =F58+G58+H58 -> 3655 | P58: =IFERROR(O58/I58,0) -> 0.080862832
A59: P058 | B59: Instagram | C59: 45762 | D59: Reel | E59: Explore the latest reel on Myntra! Trendy styles await. | F59: 103 | G59: 770 | H59: 19 | I59: 1030 | J59: 410 | K59: 262 | L59: #MyntraSale | N59: MyntraFestiveEdit | O59: =F59+G59+H59 -> 892 | P59: =IFERROR(O59/I59,0) -> 0.86601942
A60: P059 | B60: Instagram | C60: 45465 | D60: Text | E60: Explore the latest text on Myntra! Trendy styles await. | F60: 2180 | G60: 263 | H60: 387 | I60: 30520 | J60: 30059 | K60: 174 | L60: #FashionDeals | N60: FashionUpgrade | O60: =F60+G60+H60 -> 2830 | P60: =IFERROR(O60/I60,0) -> 0.092726081
A61: P060 | B61: Instagram | C61: 45685 | D61: Video | E61: Explore the latest video on Myntra! Trendy styles await. | F61: 904 | G61: 973 | H61: 63 | I61: 11752 | J61: 11580 | K61: 84 | L61: #StyleWithMyntra | N61: FashionUpgrade | O61: =F61+G61+H61 -> 1940 | P61: =IFERROR(O61/I61,0) -> 0.16507828
A62: P061 | B62: Twitter | C62: 45540 | D62: Video | E62: Explore the latest video on Myntra! Trendy styles await. | F62: 4886 | G62: 983 | H62: 409 | I62: 43974 | J62: 43239 | K62: 65 | L62: #MyntraFashion | N62: FashionUpgrade | O62: =F62+G62+H62 -> 6278 | P62: =IFERROR(O62/I62,0) -> 0.14276618
A63: P062 | B63: Twitter | C63: 45618 | D63: Carousel | E63: Explore the latest carousel on Myntra! Trendy styles await. | F63: 53 | G63: 81 | H63: 379 | I63: 954 | J63: 7 | K63: 148 | L63: #FashionDeals | N63: MyntraFestiveEdit | O63: =F63+G63+H63 -> 513 | P63: =IFERROR(O63/I63,0) -> 0.53773585
A64: P063 | B64: Twitter | C64: 45504 | D64: Carousel | E64: Explore the latest carousel on Myntra! Trendy styles await. | F64: 4507 | G64: 217 | H64: 13 | I64: 90140 | J64: 89591 | K64: 125 | L64: #MyntraSale | N64: FashionUpgrade | O64: =F64+G64+H64 -> 4737 | P64: =IFERROR(O64/I64,0) -> 0.052551586
A65: P064 | B65: Facebook | C65: 45521 | D65: Image | E65: Explore the latest image on Myntra! Trendy styles await. | F65: 2878 | G65: 248 | H65: 416 | I65: 43170 | J65: 42667 | K65: 75 | L65: #FashionDeals | M65: #MyntraTrend | N65: EndOfSeasonSale | O65: =F65+G65+H65 -> 3542 | P65: =IFERROR(O65/I65,0) -> 0.082047718
A66: P065 | B66: Instagram | C66: 45744 | D66: Story | E66: Explore the latest story on Myntra! Trendy styles await. | F66: 1881 | G66: 501 | H66: 99 | I66: 20691 | J66: 19987 | K66: 289 | L66: #FashionDeals | N66: EndOfSeasonSale | O66: =F66+G66+H66 -> 2481 | P66: =IFERROR(O66/I66,0) -> 0.11990721
A67: P066 | B67: Twitter | C67: 45499 | D67: Carousel | E67: Explore the latest carousel on Myntra! Trendy styles await. | F67: 432 | G67: 171 | H67: 280 | I67: 3024 | J67: 2285 | K67: 184 | L67: #MyntraFashion | N67: MyntraFestiveEdit | O67: =F67+G67+H67 -> 883 | P67: =IFERROR(O67/I67,0) -> 0.29199735
A68: P067 | B68: Facebook | C68: 45745 | D68: Carousel | E68: Explore the latest carousel on Myntra! Trendy styles await. | F68: 4712 | G68: 568 | H68: 127 | I68: 84816 | J68: 84691 | K68: 100 | L68: #FashionDeals | N68: FashionUpgrade | O68: =F68+G68+H68 -> 5407 | P68: =IFERROR(O68/I68,0) -> 0.063749764
A69: P068 | B69: Instagram | C69: 45634 | D69: Story | E69: Explore the latest story on Myntra! Trendy styles await. | F69: 2610 | G69: 126 | H69: 288 | I69: 15660 | J69: 15145 | K69: 73 | L69: #MyntraFashion | N69: FashionUpgrade | O69: =F69+G69+H69 -> 3024 | P69: =IFERROR(O69/I69,0) -> 0.19310345
A70: P069 | B70: Twitter | C70: 45724 | D70: Text | E70: Explore the latest text on Myntra! Trendy styles await. | F70: 1292 | G70: 626 | H70: 496 | I70: 25840 | J70: 24916 | K70: 149 | L70: #StyleWithMyntra | M70: #MyntraTrend | N70: StyleRevolution | O70: =F70+G70+H70 -> 2414 | P70: =IFERROR(O70/I70,0) -> 0.093421053
A71: P070 | B71: Facebook | C71: 45749 | D71: Video | E71: Explore the latest video on Myntra! Trendy styles await. | F71: 199 | G71: 772 | H71: 400 | I71: 3582 | J71: 2988 | K71: 43 | L71: #MyntraTrend | N71: FashionUpgrade | O71: =F71+G71+H71 -> 1371 | P71: =IFERROR(O71/I71,0) -> 0.38274707
A72: P071 | B72: YouTube | C72: 45537 | D72: Carousel | E72: Explore the latest carousel on Myntra! Trendy styles await. | F72: 2551 | G72: 915 | H72: 205 | I72: 30612 | J72: 30360 | K72: 227 | L72: #MyntraSale | M72: #FashionDeals | N72: EndOfSeasonSale | O72: =F72+G72+H72 -> 3671 | P72: =IFERROR(O72/I72,0) -> 0.11992029
A73: P072 | B73: YouTube | C73: 45719 | D73: Reel | E73: Explore the latest reel on Myntra! Trendy styles await. | F73: 296 | G73: 60 | H73: 141 | I73: 5624 | J73: 5239 | K73: 88 | L73: #MyntraTrend | N73: StyleRevolution | O73: =F73+G73+H73 -> 497 | P73: =IFERROR(O73/I73,0) -> 0.088371266
A74: P073 | B74: Facebook | C74: 45583 | D74: Story | E74: Explore the latest story on Myntra! Trendy styles await. | F74: 4126 | G74: 426 | H74: 486 | I74: 78394 | J74: 77798 | K74: 88 | L74: #MyntraFashion | N74: FashionUpgrade | O74: =F74+G74+H74 -> 5038 | P74: =IFERROR(O74/I74,0) -> 0.064265122
A75: P074 | B75: YouTube | C75: 45593 | D75: Reel | E75: Explore the latest reel on Myntra! Trendy styles await. | F75: 1855 | G75: 200 | H75: 174 | I75: 16695 | J75: 16330 | K75: 123 | L75: #MyntraFashion | N75: MyntraFestiveEdit | O75: =F75+G75+H75 -> 2229 | P75: =IFERROR(O75/I75,0) -> 0.13351303
A76: P075 | B76: Instagram | C76: 45505 | D76: Reel | E76: Explore the latest reel on Myntra! Trendy styles await. | F76: 1674 | G76: 929 | H76: 37 | I76: 21762 | J76: 20998 | K76: 255 | L76: #StyleWithMyntra | M76: #FashionDeals | N76: MyntraFestiveEdit | O76: =F76+G76+H76 -> 2640 | P76: =IFERROR(O76/I76,0) -> 0.12131238
A77: P076 | B77: Twitter | C77: 45603 | D77: Story | E77: Explore the latest story on Myntra! Trendy styles await. | F77: 1121 | G77: 135 | H77: 18 | I77: 15694 | J77: 14957 | K77: 99 | L77: #MyntraSale | M77: #MyntraFashion | N77: StyleRevolution | O77: =F77+G77+H77 -> 1274 | P77: =IFERROR(O77/I77,0) -> 0.08117752
A78: P077 | B78: Facebook | C78: 45720 | D78: Story | E78: Explore the latest story on Myntra! Trendy styles await. | F78: 1249 | G78: 116 | H78: 420 | I78: 8743 | J78: 8538 | K78: 63 | L78: #MyntraFashion | M78: #FashionDeals | N78: MyntraFestiveEdit | O78: =F78+G78+H78 -> 1785 | P78: =IFERROR(O78/I78,0) -> 0.20416333
A79: P078 | B79: Twitter | C79: 45460 | D79: Image | E79: Explore the latest image on Myntra! Trendy styles await. | F79: 954 | G79: 324 | H79: 288 | I79: 19080 | J79: 18859 | K79: 21 | L79: #MyntraTrend | N79: MyntraFestiveEdit | O79: =F79+G79+H79 -> 1566 | P79: =IFERROR(O79/I79,0) -> 0.082075472
A80: P079 | B80: Instagram | C80: 45574 | D80: Carousel | E80: Explore the latest carousel on Myntra! Trendy styles await. | F80: 3068 | G80: 137 | H80: 329 | I80: 39884 | J80: 39404 | K80: 266 | L80: #MyntraSale | M80: #MyntraTrend | N80: MyntraFestiveEdit | O80: =F80+G80+H80 -> 3534 | P80: =IFERROR(O80/I80,0) -> 0.08860696
A81: P080 | B81: Instagram | C81: 45456 | D81: Story | E81: Explore the latest story on Myntra! Trendy styles await. | F81: 2103 | G81: 892 | H81: 103 | I81: 39957 | J81: 39466 | K81: 28 | L81: #FashionDeals | M81: #MyntraFashion | N81: EndOfSeasonSale | O81: =F81+G81+H81 -> 3098 | P81: =IFERROR(O81/I81,0) -> 0.077533348
A82: P081 | B82: Instagram | C82: 45584 | D82: Story | E82: Explore the latest story on Myntra! Trendy styles await. | F82: 1816 | G82: 29 | H82: 41 | I82: 19976 | J82: 19262 | K82: 283 | L82: #MyntraTrend | M82: #MyntraSale | N82: MyntraFestiveEdit | O82: =F82+G82+H82 -> 1886 | P82: =IFERROR(O82/I82,0) -> 0.094413296
A83: P082 | B83: Instagram | C83: 45497 | D83: Image | E83: Explore the latest image on Myntra! Trendy styles await. | F83: 725 | G83: 88 | H83: 428 | I83: 14500 | J83: 13637 | K83: 200 | L83: #MyntraTrend | N83: MyntraFestiveEdit | O83: =F83+G83+H83 -> 1241 | P83: =IFERROR(O83/I83,0) -> 0.085586207
A84: P083 | B84: YouTube | C84: 45580 | D84: Video | E84: Explore the latest video on Myntra! Trendy styles await. | F84: 1094 | G84: 472 | H84: 21 | I84: 9846 | J84: 9609 | K84: 112 | L84: #MyntraTrend | M84: #StyleWithMyntra | N84: MyntraFestiveEdit | O84: =F84+G84+H84 -> 1587 | P84: =IFERROR(O84/I84,0) -> 0.16118221
A85: P084 | B85: Facebook | C85: 45635 | D85: Image | E85: Explore the latest image on Myntra! Trendy styles await. | F85: 1841 | G85: 851 | H85: 342 | I85: 34979 | J85: 34154 | K85: 255 | L85: #MyntraFashion | M85: #FashionDeals | N85: FashionUpgrade | O85: =F85+G85+H85 -> 3034 | P85: =IFERROR(O85/I85,0) -> 0.086737757
A86: P085 | B86: Instagram | C86: 45766 | D86: Image | E86: Explore the latest image on Myntra! Trendy styles await. | F86: 4177 | G86: 569 | H86: 55 | I86: 25062 | J86: 24847 | K86: 230 | L86: #MyntraFashion | N86: FashionUpgrade | O86: =F86+G86+H86 -> 4801 | P86: =IFERROR(O86/I86,0) -> 0.19156492
A87: P086 | B87: YouTube | C87: 45684 | D87: Text | E87: Explore the latest text on Myntra! Trendy styles await. | F87: 3428 | G87: 305 | H87: 85 | I87: 58276 | J87: 58052 | K87: 242 | L87: #MyntraTrend | M87: #StyleWithMyntra | N87: MyntraFestiveEdit | O87: =F87+G87+H87 -> 3818 | P87: =IFERROR(O87/I87,0) -> 0.065515821
A88: P087 | B88: Twitter | C88: 45449 | D88: Video | E88: Explore the latest video on Myntra! Trendy styles await. | F88: 1436 | G88: 765 | H88: 496 | I88: 12924 | J88: 12701 | K88: 197 | L88: #MyntraTrend | M88: #MyntraSale | N88: EndOfSeasonSale | O88: =F88+G88+H88 -> 2697 | P88: =IFERROR(O88/I88,0) -> 0.20868152
A89: P088 | B89: Facebook | C89: 45480 | D89: Story | E89: Explore the latest story on Myntra! Trendy styles await. | F89: 302 | G89: 47 | H89: 430 | I89: 5738 | J89: 4890 | K89: 25 | L89: #MyntraFashion | M89: #MyntraSale | N89: EndOfSeasonSale | O89: =F89+G89+H89 -> 779 | P89: =IFERROR(O89/I89,0) -> 0.13576159
A90: P089 | B90: Twitter | C90: 45667 | D90: Image | E90: Explore the latest image on Myntra! Trendy styles await. | F90: 2214 | G90: 249 | H90: 152 | I90: 15498 | J90: 14800 | K90: 180 | L90: #MyntraSale | N90: EndOfSeasonSale | O90: =F90+G90+H90 -> 2615 | P90: =IFERROR(O90/I90,0) -> 0.16873145
A91: P090 | B91: Instagram | C91: 45446 | D91: Image | E91: Explore the latest image on Myntra! Trendy styles await. | F91: 3861 | G91: 960 | H91: 101 | I91: 69498 | J91: 68817 | K91: 297 | L91: #MyntraFashion | N91: EndOfSeasonSale | O91: =F91+G91+H91 -> 4922 | P91: =IFERROR(O91/I91,0) -> 0.070822182
A92: P091 | B92: Facebook | C92: 45740 | D92: Image | E92: Explore the latest image on Myntra! Trendy styles await. | F92: 1263 | G92: 397 | H92: 357 | I92: 25260 | J92: 24615 | K92: 137 | L92: #MyntraSale | N92: EndOfSeasonSale | O92: =F92+G92+H92 -> 2017 | P92: =IFERROR(O92/I92,0) -> 0.079849565
A93: P092 | B93: Twitter | C93: 45586 | D93: Story | E93: Explore the latest story on Myntra! Trendy styles await. | F93: 3801 | G93: 967 | H93: 401 | I93: 38010 | J93: 37625 | K93: 236 | L93: #StyleWithMyntra | N93: StyleRevolution | O93: =F93+G93+H93 -> 5169 | P93: =IFERROR(O93/I93,0) -> 0.13599053
A94: P093 | B94: Instagram | C94: 45637 | D94: Video | E94: Explore the latest video on Myntra! Trendy styles await. | F94: 1431 | G94: 951 | H94: 26 | I94: 8586 | J94: 8396 | K94: 150 | L94: #MyntraTrend | M94: #FashionDeals | N94: FashionUpgrade | O94: =F94+G94+H94 -> 2408 | P94: =IFERROR(O94/I94,0) -> 0.28045656
A95: P094 | B95: Instagram | C95: 45603 | D95: Image | E95: Explore the latest image on Myntra! Trendy styles await. | F95: 2647 | G95: 304 | H95: 170 | I95: 18529 | J95: 17841 | K95: 46 | L95: #StyleWithMyntra | N95: EndOfSeasonSale | O95: =F95+G95+H95 -> 3121 | P95: =IFERROR(O95/I95,0) -> 0.16843866
A96: P095 | B96: Instagram | C96: 45604 | D96: Text | E96: Explore the latest text on Myntra! Trendy styles await. | F96: 3182 | G96: 559 | H96: 160 | I96: 57276 | J96: 56890 | K96: 163 | L96: #StyleWithMyntra | M96: #MyntraTrend | N96: EndOfSeasonSale | O96: =F96+G96+H96 -> 3901 | P96: =IFERROR(O96/I96,0) -> 0.068108806
A97: P096 | B97: Twitter | C97: 45545 | D97: Image | E97: Explore the latest image on Myntra! Trendy styles await. | F97: 1238 | G97: 366 | H97: 444 | I97: 19808 | J97: 19334 | K97: 123 | L97: #FashionDeals | N97: MyntraFestiveEdit | O97: =F97+G97+H97 -> 2048 | P97: =IFERROR(O97/I97,0) -> 0.10339257
A98: P097 | B98: Instagram | C98: 45517 | D98: Image | E98: Explore the latest image on Myntra! Trendy styles await. | F98: 4739 | G98: 527 | H98: 135 | I98: 61607 | J98: 61333 | K98: 36 | L98: #StyleWithMyntra | M98: #MyntraSale | N98: EndOfSeasonSale | O98: =F98+G98+H98 -> 5401 | P98: =IFERROR(O98/I98,0) -> 0.087668609
A99: P098 | B99: Twitter | C99: 45453 | D99: Story | E99: Explore the latest story on Myntra! Trendy styles await. | F99: 1575 | G99: 771 | H99: 486 | I99: 25200 | J99: 24826 | K99: 17 | L99: #StyleWithMyntra | N99: MyntraFestiveEdit | O99: =F99+G99+H99 -> 2832 | P99: =IFERROR(O99/I99,0) -> 0.11238095
A100: P099 | B100: YouTube | C100: 45475 | D100: Carousel | E100: Explore the latest carousel on Myntra! Trendy styles await. | F100: 4171 | G100: 548 | H100: 86 | I100: 66736 | J100: 66634 | K100: 173 | L100: #StyleWithMyntra | N100: MyntraFestiveEdit | O100: =F100+G100+H100 -> 4805 | P100: =IFERROR(O100/I100,0) -> 0.07200012
...

Sheet Data_Weekly
A1: Week Start | B1: Platform | C1: New Followers | D1: Unfollows | E1: Total Followers (as supplied) | F1: Engagement Rate % (as supplied) | G1: Ad Spend | H1: Net Followers
A2: 45446 | B2: Instagram | C2: 1135 | D2: 88 | E2: 344084 | F2: 8.06 | G2: 5904 | H2: =C2-D2 -> 1047
A3: 45446 | B3: Facebook | C3: 1312 | D3: 310 | E3: 42654 | F3: 4.98 | G3: 9566 | H3: =C3-D3 -> 1002
A4: 45446 | B4: Twitter | C4: 584 | D4: 169 | E4: 146834 | F4: 8.31 | G4: 26752 | H4: =C4-D4 -> 415
A5: 45446 | B5: YouTube | C5: 1535 | D5: 445 | E5: 395536 | F5: 4.11 | G5: 30671 | H5: =C5-D5 -> 1090
A6: 45453 | B6: Instagram | C6: 656 | D6: 139 | E6: 49157 | F6: 9.05 | G6: 9920 | H6: =C6-D6 -> 517
A7: 45453 | B7: Facebook | C7: 1697 | D7: 414 | E7: 316555 | F7: 2.37 | G7: 7924 | H7: =C7-D7 -> 1283
A8: 45453 | B8: Twitter | C8: 436 | D8: 250 | E8: 254347 | F8: 4.01 | G8: 8912 | H8: =C8-D8 -> 186
A9: 45453 | B9: YouTube | C9: 1197 | D9: 203 | E9: 413878 | F9: 3.16 | G9: 21205 | H9: =C9-D9 -> 994
A10: 45460 | B10: Instagram | C10: 1048 | D10: 155 | E10: 456946 | F10: 2.46 | G10: 11329 | H10: =C10-D10 -> 893
A11: 45460 | B11: Facebook | C11: 1753 | D11: 371 | E11: 169496 | F11: 8.11 | G11: 46670 | H11: =C11-D11 -> 1382
A12: 45460 | B12: Twitter | C12: 1335 | D12: 40 | E12: 122732 | F12: 8.19 | G12: 22482 | H12: =C12-D12 -> 1295
A13: 45460 | B13: YouTube | C13: 403 | D13: 66 | E13: 382851 | F13: 3.49 | G13: 24313 | H13: =C13-D13 -> 337
... A201: 45789 | B201: YouTube | C201: 119 | D201: 456 | E201: 82558 | F201: 6.81 | G201: 12174 | H201: =C201-D201 -> -337

Sheet Data_Campaigns
A1: Campaign | B1: Start Date | C1: End Date | D1: Objective | E1: Total Budget | F1: Target Platforms
A2: EndOfSeasonSale | B2: 45453 | C2: 45478 | D2: Seasonal Clearance Promotion | E2: 180000 | F2: Instagram,Facebook
A3: FashionUpgrade | B3: 45505 | C3: 45535 | D3: Customer Engagement | E3: 160000 | F3: Instagram,YouTube
A4: MyntraFestiveEdit | B4: 45570 | C4: 45601 | D4: Festive Collection Launch | E4: 220000 | F4: Facebook,Instagram
A5: StyleRevolution | B5: 45667 | C5: 45698 | D5: Brand Awareness & Growth | E5: 200000 | F5: Instagram,Twitter

Sheet Data_Hashtags
A1: Post ID | B1: Platform | C1: Hashtag | D1: Campaign | E1: Engagement Rate | F1: Clicks
A2: P001 | B2: Twitter | C2: #MyntraSale | D2: =INDEX(Data_Posts!$N$2:$N$301,MATCH(A2,Data_Posts!$A$2:$A$301,0)) -> FashionUpgrade | E2: =INDEX(Data_Posts!$P$2:$P$301,MATCH(A2,Data_Posts!$A$2:$A$301,0)) -> 0.090759754 | F2: =INDEX(Data_Posts!$K$2:$K$301,MATCH(A2,Data_Posts!$A$2:$A$301,0)) -> 15
A3: P002 | B3: Twitter | C3: #MyntraFashion | D3: =INDEX(Data_Posts!$N$2:$N$301,MATCH(A3,Data_Posts!$A$2:$A$301,0)) -> EndOfSeasonSale | E3: =INDEX(Data_Posts!$P$2:$P$301,MATCH(A3,Data_Posts!$A$2:$A$301,0)) -> 0.076097681 | F3: =INDEX(Data_Posts!$K$2:$K$301,MATCH(A3,Data_Posts!$A$2:$A$301,0)) -> 117
A4: P003 | B4: YouTube | C4: #MyntraFashion | D4: =INDEX(Data_Posts!$N$2:$N$301,MATCH(A4,Data_Posts!$A$2:$A$301,0)) -> FashionUpgrade | E4: =INDEX(Data_Posts!$P$2:$P$301,MATCH(A4,Data_Posts!$A$2:$A$301,0)) -> 0.055531494 | F4: =INDEX(Data_Posts!$K$2:$K$301,MATCH(A4,Data_Posts!$A$2:$A$301,0)) -> 204
A5: P003 | B5: YouTube | C5: #MyntraSale | D5: =INDEX(Data_Posts!$N$2:$N$301,MATCH(A5,Data_Posts!$A$2:$A$301,0)) -> FashionUpgrade | E5: =INDEX(Data_Posts!$P$2:$P$301,MATCH(A5,Data_Posts!$A$2:$A$301,0)) -> 0.055531494 | F5: =INDEX(Data_Posts!$K$2:$K$301,MATCH(A5,Data_Posts!$A$2:$A$301,0)) -> 204
A6: P004 | B6: Instagram | C6: #MyntraSale | D6: =INDEX(Data_Posts!$N$2:$N$301,MATCH(A6,Data_Posts!$A$2:$A$301,0)) -> FashionUpgrade | E6: =INDEX(Data_Posts!$P$2:$P$301,MATCH(A6,Data_Posts!$A$2:$A$301,0)) -> 0.15105033 | F6: =INDEX(Data_Posts!$K$2:$K$301,MATCH(A6,Data_Posts!$A$2:$A$301,0)) -> 128
A7: P005 | B7: YouTube | C7: #StyleWithMyntra | D7: =INDEX(Data_Posts!$N$2:$N$301,MATCH(A7,Data_Posts!$A$2:$A$301,0)) -> MyntraFestiveEdit | E7: =INDEX(Data_Posts!$P$2:$P$301,MATCH(A7,Data_Posts!$A$2:$A$301,0)) -> 0.065617093 | F7: =INDEX(Data_Posts!$K$2:$K$301,MATCH(A7,Data_Posts!$A$2:$A$301,0)) -> 224
A8: P005 | B8: YouTube | C8: #MyntraFashion | D8: =INDEX(Data_Posts!$N$2:$N$301,MATCH(A8,Data_Posts!$A$2:$A$301,0)) -> MyntraFestiveEdit | E8: =INDEX(Data_Posts!$P$2:$P$301,MATCH(A8,Data_Posts!$A$2:$A$301,0)) -> 0.065617093 | F8: =INDEX(Data_Posts!$K$2:$K$301,MATCH(A8,Data_Posts!$A$2:$A$301,0)) -> 224
A9: P006 | B9: Facebook | C9: #MyntraTrend | D9: =INDEX(Data_Posts!$N$2:$N$301,MATCH(A9,Data_Posts!$A$2:$A$301,0)) -> EndOfSeasonSale | E9: =INDEX(Data_Posts!$P$2:$P$301,MATCH(A9,Data_Posts!$A$2:$A$301,0)) -> 0.1795416 | F9: =INDEX(Data_Posts!$K$2:$K$301,MATCH(A9,Data_Posts!$A$2:$A$301,0)) -> 256
A10: P007 | B10: Twitter | C10: #MyntraTrend | D10: =INDEX(Data_Posts!$N$2:$N$301,MATCH(A10,Data_Posts!$A$2:$A$301,0)) -> MyntraFestiveEdit | E10: =INDEX(Data_Posts!$P$2:$P$301,MATCH(A10,Data_Posts!$A$2:$A$301,0)) -> 0.070272021 | F10: =INDEX(Data_Posts!$K$2:$K$301,MATCH(A10,Data_Posts!$A$2:$A$301,0)) -> 235
A11: P008 | B11: YouTube | C11: #MyntraFashion | D11: =INDEX(Data_Posts!$N$2:$N$301,MATCH(A11,Data_Posts!$A$2:$A$301,0)) -> MyntraFestiveEdit | E11: =INDEX(Data_Posts!$P$2:$P$301,MATCH(A11,Data_Posts!$A$2:$A$301,0)) -> 0.1034036 | F11: =INDEX(Data_Posts!$K$2:$K$301,MATCH(A11,Data_Posts!$A$2:$A$301,0)) -> 39
A12: P008 | B12: YouTube | C12: #MyntraSale | D12: =INDEX(Data_Posts!$N$2:$N$301,MATCH(A12,Data_Posts!$A$2:$A$301,0)) -> MyntraFestiveEdit | E12: =INDEX(Data_Posts!$P$2:$P$301,MATCH(A12,Data_Posts!$A$2:$A$301,0)) -> 0.1034036 | F12: =INDEX(Data_Posts!$K$2:$K$301,MATCH(A12,Data_Posts!$A$2:$A$301,0)) -> 39
A13: P009 | B13: Facebook | C13: #MyntraFashion | D13: =INDEX(Data_Posts!$N$2:$N$301,MATCH(A13,Data_Posts!$A$2:$A$301,0)) -> MyntraFestiveEdit | E13: =INDEX(Data_Posts!$P$2:$P$301,MATCH(A13,Data_Posts!$A$2:$A$301,0)) -> 0.088019732 | F13: =INDEX(Data_Posts!$K$2:$K$301,MATCH(A13,Data_Posts!$A$2:$A$301,0)) -> 131
... A457: P300 | B457: Twitter | C457: #MyntraFashion | D457: =INDEX(Data_Posts!$N$2:$N$301,MATCH(A457,Data_Posts!$A$2:$A$301,0)) -> FashionUpgrade | E457: =INDEX(Data_Posts!$P$2:$P$301,MATCH(A457,Data_Posts!$A$2:$A$301,0)) -> 0.083539958 | F457: =INDEX(Data_Posts!$K$2:$K$301,MATCH(A457,Data_Posts!$A$2:$A$301,0)) -> 191

Sheet Calc
A1: Platform criterion | B1: =IF(Dashboard!$C$4="All","*",Dashboard!$C$4) -> * | D1: Weekly trend table (feeds the trend charts). First week is the first Monday in the weekly data; each next row adds 7 days.
A2: Campaign criterion | B2: =IF(Dashboard!$F$4="All","*",Dashboard!$F$4) -> *
A4: Week Start | B4: Net Followers Added | C4: 4-wk Moving Avg | D4: Ad Spend
A5: 45446 | B5: =SUMIFS(Data_Weekly!$H$2:$H$201,Data_Weekly!$A$2:$A$201,A5,Data_Weekly!$B$2:$B$201,Calc!$B$1) -> 3554 | C5: =AVERAGE(B5:B5) -> 3554 | D5: =SUMIFS(Data_Weekly!$G$2:$G$201,Data_Weekly!$A$2:$A$201,A5,Data_Weekly!$B$2:$B$201,Calc!$B$1) -> 72893
A6: =A5+7 -> 45453 | B6: =SUMIFS(Data_Weekly!$H$2:$H$201,Data_Weekly!$A$2:$A$201,A6,Data_Weekly!$B$2:$B$201,Calc!$B$1) -> 2980 | C6: =AVERAGE(B5:B6) -> 3267 | D6: =SUMIFS(Data_Weekly!$G$2:$G$201,Data_Weekly!$A$2:$A$201,A6,Data_Weekly!$B$2:$B$201,Calc!$B$1) -> 47961
A7: =A6+7 -> 45460 | B7: =SUMIFS(Data_Weekly!$H$2:$H$201,Data_Weekly!$A$2:$A$201,A7,Data_Weekly!$B$2:$B$201,Calc!$B$1) -> 3907 | C7: =AVERAGE(B5:B7) -> 3480.3333 | D7: =SUMIFS(Data_Weekly!$G$2:$G$201,Data_Weekly!$A$2:$A$201,A7,Data_Weekly!$B$2:$B$201,Calc!$B$1) -> 104794
A8: =A7+7 -> 45467 | B8: =SUMIFS(Data_Weekly!$H$2:$H$201,Data_Weekly!$A$2:$A$201,A8,Data_Weekly!$B$2:$B$201,Calc!$B$1) -> 3011 | C8: =AVERAGE(B5:B8) -> 3363 | D8: =SUMIFS(Data_Weekly!$G$2:$G$201,Data_Weekly!$A$2:$A$201,A8,Data_Weekly!$B$2:$B$201,Calc!$B$1) -> 81748
A9: =A8+7 -> 45474 | B9: =SUMIFS(Data_Weekly!$H$2:$H$201,Data_Weekly!$A$2:$A$201,A9,Data_Weekly!$B$2:$B$201,Calc!$B$1) -> 1293 | C9: =AVERAGE(B6:B9) -> 2797.75 | D9: =SUMIFS(Data_Weekly!$G$2:$G$201,Data_Weekly!$A$2:$A$201,A9,Data_Weekly!$B$2:$B$201,Calc!$B$1) -> 87847
A10: =A9+7 -> 45481 | B10: =SUMIFS(Data_Weekly!$H$2:$H$201,Data_Weekly!$A$2:$A$201,A10,Data_Weekly!$B$2:$B$201,Calc!$B$1) -> 3042 | C10: =AVERAGE(B7:B10) -> 2813.25 | D10: =SUMIFS(Data_Weekly!$G$2:$G$201,Data_Weekly!$A$2:$A$201,A10,Data_Weekly!$B$2:$B$201,Calc!$B$1) -> 79341
A11: =A10+7 -> 45488 | B11: =SUMIFS(Data_Weekly!$H$2:$H$201,Data_Weekly!$A$2:$A$201,A11,Data_Weekly!$B$2:$B$201,Calc!$B$1) -> 2270 | C11: =AVERAGE(B8:B11) -> 2404 | D11: =SUMIFS(Data_Weekly!$G$2:$G$201,Data_Weekly!$A$2:$A$201,A11,Data_Weekly!$B$2:$B$201,Calc!$B$1) -> 115027
A12: =A11+7 -> 45495 | B12: =SUMIFS(Data_Weekly!$H$2:$H$201,Data_Weekly!$A$2:$A$201,A12,Data_Weekly!$B$2:$B$201,Calc!$B$1) -> 2753 | C12: =AVERAGE(B9:B12) -> 2339.5 | D12: =SUMIFS(Data_Weekly!$G$2:$G$201,Data_Weekly!$A$2:$A$201,A12,Data_Weekly!$B$2:$B$201,Calc!$B$1) -> 102610
A13: =A12+7 -> 45502 | B13: =SUMIFS(Data_Weekly!$H$2:$H$201,Data_Weekly!$A$2:$A$201,A13,Data_Weekly!$B$2:$B$201,Calc!$B$1) -> 2193 | C13: =AVERAGE(B10:B13) -> 2564.5 | D13: =SUMIFS(Data_Weekly!$G$2:$G$201,Data_Weekly!$A$2:$A$201,A13,Data_Weekly!$B$2:$B$201,Calc!$B$1) -> 76268
A14: =A13+7 -> 45509 | B14: =SUMIFS(Data_Weekly!$H$2:$H$201,Data_Weekly!$A$2:$A$201,A14,Data_Weekly!$B$2:$B$201,Calc!$B$1) -> 802 | C14: =AVERAGE(B11:B14) -> 2004.5 | D14: =SUMIFS(Data_Weekly!$G$2:$G$201,Data_Weekly!$A$2:$A$201,A14,Data_Weekly!$B$2:$B$201,Calc!$B$1) -> 137514
A15: =A14+7 -> 45516 | B15: =SUMIFS(Data_Weekly!$H$2:$H$201,Data_Weekly!$A$2:$A$201,A15,Data_Weekly!$B$2:$B$201,Calc!$B$1) -> 3728 | C15: =AVERAGE(B12:B15) -> 2369 | D15: =SUMIFS(Data_Weekly!$G$2:$G$201,Data_Weekly!$A$2:$A$201,A15,Data_Weekly!$B$2:$B$201,Calc!$B$1) -> 125177
A16: =A15+7 -> 45523 | B16: =SUMIFS(Data_Weekly!$H$2:$H$201,Data_Weekly!$A$2:$A$201,A16,Data_Weekly!$B$2:$B$201,Calc!$B$1) -> 2989 | C16: =AVERAGE(B13:B16) -> 2428 | D16: =SUMIFS(Data_Weekly!$G$2:$G$201,Data_Weekly!$A$2:$A$201,A16,Data_Weekly!$B$2:$B$201,Calc!$B$1) -> 82193
A17: =A16+7 -> 45530 | B17: =SUMIFS(Data_Weekly!$H$2:$H$201,Data_Weekly!$A$2:$A$201,A17,Data_Weekly!$B$2:$B$201,Calc!$B$1) -> 2903 | C17: =AVERAGE(B14:B17) -> 2605.5 | D17: =SUMIFS(Data_Weekly!$G$2:$G$201,Data_Weekly!$A$2:$A$201,A17,Data_Weekly!$B$2:$B$201,Calc!$B$1) -> 94709
A18: =A17+7 -> 45537 | B18: =SUMIFS(Data_Weekly!$H$2:$H$201,Data_Weekly!$A$2:$A$201,A18,Data_Weekly!$B$2:$B$201,Calc!$B$1) -> 2822 | C18: =AVERAGE(B15:B18) -> 3110.5 | D18: =SUMIFS(Data_Weekly!$G$2:$G$201,Data_Weekly!$A$2:$A$201,A18,Data_Weekly!$B$2:$B$201,Calc!$B$1) -> 100656
A19: =A18+7 -> 45544 | B19: =SUMIFS(Data_Weekly!$H$2:$H$201,Data_Weekly!$A$2:$A$201,A19,Data_Weekly!$B$2:$B$201,Calc!$B$1) -> 4360 | C19: =AVERAGE(B16:B19) -> 3268.5 | D19: =SUMIFS(Data_Weekly!$G$2:$G$201,Data_Weekly!$A$2:$A$201,A19,Data_Weekly!$B$2:$B$201,Calc!$B$1) -> 92834
... A54: =A53+7 -> 45789 | B54: =SUMIFS(Data_Weekly!$H$2:$H$201,Data_Weekly!$A$2:$A$201,A54,Data_Weekly!$B$2:$B$201,Calc!$B$1) -> 1995 | C54: =AVERAGE(B51:B54) -> 3551.5 | D54: =SUMIFS(Data_Weekly!$G$2:$G$201,Data_Weekly!$A$2:$A$201,A54,Data_Weekly!$B$2:$B$201,Calc!$B$1) -> 85623
A56: Moving average uses an expanding window for the first three weeks, then a 4-week trailing window.

Sheet Notes
A1: About this workbook
A2: Purpose | B2: One-page view of the Myntra social media analysis (Tasks 1-6), rebuilt on the cleaned data from the Task 1 workbook.
A3: How to use | B3: Change the yellow Platform and Campaign cells on the Dashboard. Everything recalculates from the Data_ sheets with formulas.
A5: Metric definitions
A6: Engagement | B6: Likes + Shares + Comments (per the project brief).
A7: Avg post engagement rate | B7: Average of each post's (Likes + Shares + Comments) / Impressions. This is the brief's definition.
A8: Pooled engagement rate | B8: Total engagement / total impressions. Less sensitive to tiny-impression posts, so it is shown next to the average.
A9: CTR | B9: Total clicks / total impressions.
A10: Net followers | B10: New_Followers - Unfollows from the weekly summary.
A11: Per 1,000 ad spend / budget | B11: Value divided by spend (or campaign budget), multiplied by 1,000.
A13: Assumptions and data caveats
A14: Total_Followers not used | B14: The supplied Total_Followers column jumps by hundreds of thousands between weeks (e.g. Facebook 42,654 to 316,555 to 169,496), so growth is measured from net adds instead. The column is kept in Data_Weekly for reference.
A15: Ad spend currency | B15: Not stated in the source data, so no currency symbol is shown.
A16: Campaign tags vs dates | B16: Posts carry a campaign tag, but post dates span the whole year regardless of campaign dates. Post-based campaign metrics use the tag; follower metrics use the campaign date window. They are not directly comparable.
A17: Outliers | B17: A few posts have impressions lower than their shares, giving engagement rates above 100% (maximum about 181%). They are kept, as in the original analysis, and the pooled rate is provided as a check.
A18: Small samples | B18: Content type x platform cells hold about 12 posts each; differences between them are directional, not statistically tested.
A19: No duplicates found | B19: All 300 Post IDs in the source are unique, so no rows were removed.
A20: Weekly data | B20: 200 rows = 50 weeks x 4 platforms (weeks starting 3 Jun 2024 to 12 May 2025). Weekly data has no campaign field.
A22: Source | B22: Task-1_DataCleaning.xlsx (sheets: Post, Split_Hashtags_rows, Engagment Summary, Campaign Data).
